"Date","Price","Return"
2015-01-05,4566.4,0
2015-01-06,4609.5,0.009394243
2015-01-07,4566.4,-0.009394243
2015-01-08,4566.4,0
2015-01-09,4652.6,0.018701055
2015-01-12,4652.6,0
2015-01-13,4652.6,0
2015-01-14,4652.6,0
2015-01-15,4652.6,0
2015-01-16,4566.4,-0.018701055
2015-01-19,4523.3,-0.009483332
2015-01-20,4566.4,0.009483332
2015-01-21,4609.5,0.009394243
2015-01-22,4566.4,-0.009394243
2015-01-23,4437.2,-0.028701601
2015-01-26,4290.7,-0.033573657
2015-01-27,4351,0.013955814
2015-01-28,4351,0
2015-01-29,4256.2,-0.02202896
2015-01-30,4118.4,-0.032912005
2015-02-02,4092.5,-0.006308708
2015-02-03,4023.6,-0.016979006
2015-02-04,3894.4,-0.0326374
2015-02-05,3868.5,-0.006672789
2015-02-06,3963.3,0.024210177
2015-02-09,3859.9,-0.026435735
2015-02-10,3989.2,0.032949433
2015-02-11,4170.1,0.044349307
2015-02-12,4204.5,0.008215364
2015-02-13,4239,0.008172012
2015-02-24,4247.6,0.002026725
2015-02-25,4170.1,-0.018414101
2015-02-26,4127,-0.010389266
2015-02-27,4058.1,-0.016835867
2015-03-02,3980.5,-0.019307444
2015-03-03,4058.1,0.019307444
2015-03-04,4058.1,0
2015-03-05,4075.3,0.00422948
2015-03-06,4066.7,-0.002112504
2015-03-09,4187.3,0.029224275
2015-03-10,4135.6,-0.012423714
2015-03-11,4092.5,-0.01047639
2015-03-12,4032.2,-0.014843898
2015-03-13,4006.4,-0.00641905
2015-03-16,3885.8,-0.0305642
2015-03-17,3877.1,-0.002241431
2015-03-18,3842.7,-0.008912207
2015-03-19,3791,-0.013545408
2015-03-20,3989.2,0.050960873
2015-03-23,3877.1,-0.028503258
2015-03-24,3816.8,-0.015675076
2015-03-25,3791,-0.006782539
2015-03-26,3782.4,-0.002271108
2015-03-27,3782.4,0
2015-03-30,3791,0.002271108
2015-03-31,3799.6,0.002265961
2015-04-01,3791,-0.002265961
2015-04-02,3799.6,0.002265961
2015-04-03,3868.5,0.017971037
2015-04-06,3825.4,-0.011203798
2015-04-07,3825.4,0
2015-04-08,3808.2,-0.0045064
2015-04-09,3808.2,0
2015-04-10,3808.2,0
2015-04-13,3808.2,0
2015-04-14,3816.8,0.002255739
2015-04-15,3877.1,0.015675076
2015-04-16,3868.5,-0.002220616
2015-04-17,3928.8,0.015467201
2015-04-20,3885.8,-0.011005153
2015-04-21,3885.8,0
2015-04-22,3885.8,0
2015-04-23,3834.1,-0.013394156
2015-04-24,3834.1,0
2015-04-27,3791,-0.01130489
2015-05-04,3730.7,-0.016033953
2015-05-05,3808.2,0.020560753
2015-05-06,3747.9,-0.015960953
2015-05-07,3773.8,0.006886768
2015-05-08,3729.7,-0.01175465
2015-05-11,3663.5,-0.017908827
2015-05-12,3557.7,-0.029304706
2015-05-13,3478.4,-0.022541851
2015-05-14,3544.5,0.018824688
2015-05-15,3451.9,-0.026472302
2015-05-18,3280,-0.051081382
2015-05-19,3306.4,0.008016562
2015-05-20,3531.3,0.065806091
2015-05-21,3531.3,0
2015-05-22,3557.7,0.007448194
2015-05-25,3531.3,-0.007448194
2015-05-26,3597.4,0.018545287
2015-05-27,3544.5,-0.014814256
2015-05-28,3544.5,0
2015-05-29,3518.1,-0.007476035
2015-06-01,3491.6,-0.007560987
2015-06-02,3478.4,-0.003787666
2015-06-03,3385.8,-0.026982203
2015-06-04,3399,0.003891055
2015-06-05,3346.1,-0.015685782
2015-06-08,3438.7,0.027298004
2015-06-09,3571,0.037752176
2015-06-10,3742.9,0.047015043
2015-06-11,3809,0.017505975
2015-06-12,3782.6,-0.006955084
2015-06-15,3795.8,0.003483588
2015-06-16,3822.3,0.006957143
2015-06-17,3756.1,-0.017471151
2015-06-18,3742.9,-0.003520473
2015-06-19,3637.1,-0.028674051
2015-06-22,3676.8,0.010856148
2015-06-23,3729.7,0.014284993
2015-06-24,3690,-0.010701343
2015-06-25,3623.9,-0.018075664
2015-06-26,3610.6,-0.00367683
2015-06-29,3703.2,0.025323347
2015-06-30,3822.3,0.031655025
2015-07-01,3729.7,-0.024524534
2015-07-02,3782.6,0.014083802
2015-07-03,3795.8,0.003483588
2015-07-06,3888.4,0.02410257
2015-07-07,3981,0.023535282
2015-07-08,3941.3,-0.010022426
2015-07-09,3861.9,-0.020351328
2015-07-10,3822.3,-0.010306955
2015-07-13,3795.8,-0.006957143
2015-07-14,3861.9,0.017264098
2015-07-15,3782.6,-0.020747686
2015-07-16,3914.8,0.034352639
2015-07-17,3994.2,0.020079066
2015-07-20,4033.9,0.009890341
2015-07-21,4152.9,0.029073235
2015-07-22,4430.6,0.06472813
2015-07-23,4377.7,-0.012011543
2015-07-24,4576.1,0.044323635
2015-07-27,4708.4,0.028501041
2015-07-28,4536.4,-0.037214402
2015-07-29,4417.4,-0.026582458
2015-07-30,4443.9,0.005981082
2015-07-31,4298.4,-0.033289509
2015-08-03,4298.4,0
2015-08-04,4311.6,0.003066204
2015-08-05,4443.9,0.030223304
2015-08-06,4391,-0.011975378
2015-08-07,4510,0.026740162
2015-08-10,4602.6,0.020324208
2015-08-11,4562.9,-0.008662975
2015-08-12,4404.2,-0.035399755
2015-08-13,4324.8,-0.018192735
2015-08-14,4311.6,-0.003056832
2015-08-17,4192.6,-0.027987998
2015-08-18,4245.5,0.012538532
2015-08-19,4205.8,-0.009395073
2015-08-20,4113.2,-0.022263211
2015-08-21,3994.2,-0.029358006
2015-08-24,3716.4,-0.072087851
2015-08-25,3967.7,0.065431124
2015-08-26,4166.1,0.048793765
2015-08-27,4139.7,-0.006357025
2015-08-28,4179.3,0.009520447
2015-08-31,4113.2,-0.015942454
2015-09-01,4113.2,0
2015-09-03,3981,-0.03266827
2015-09-04,3928.1,-0.013377196
2015-09-07,3861.9,-0.016996558
2015-09-08,3994.2,0.033684019
2015-09-09,4060.3,0.016413554
2015-09-10,4020.6,-0.009825717
2015-09-11,3928.1,-0.023275297
2015-09-14,3875.2,-0.013558574
2015-09-15,3861.9,-0.003437984
2015-09-16,3928.1,0.016996558
2015-09-17,3967.7,0.010030733
2015-09-18,4073.5,0.026315999
2015-09-21,4192.6,0.028818486
2015-09-22,4205.8,0.003143458
2015-09-23,4179.3,-0.006320757
2015-09-24,4152.9,-0.006336883
2015-09-25,4113.2,-0.009605571
2015-09-28,3994.2,-0.029358006
2015-09-29,3981,-0.003310265
2015-09-30,4020.6,0.009898101
2015-10-01,4060.3,0.009825717
2015-10-02,4086.8,0.006505405
2015-10-05,4152.9,0.016044618
2015-10-06,4232.2,0.018915067
2015-10-07,4166.1,-0.015741606
2015-10-08,4258.7,0.021983603
2015-10-09,4285.2,0.006203276
2015-10-12,4338.1,0.012269239
2015-10-13,4285.2,-0.012269239
2015-10-14,4271.9,-0.003108532
2015-10-15,4271.9,0
2015-10-16,4232.2,-0.009336741
2015-10-19,4232.2,0
2015-10-20,4152.9,-0.018915067
2015-10-21,4126.4,-0.006401529
2015-10-22,4152.9,0.006401529
2015-10-23,4205.8,0.01265764
2015-10-26,4219,0.003133608
2015-10-27,4192.6,-0.006277067
2015-10-28,4152.9,-0.009514181
2015-10-29,4166.1,0.003173461
2015-10-30,4166.1,0
2015-11-02,4126.4,-0.00957499
2015-11-03,4166.1,0.00957499
2015-11-04,4113.2,-0.012779032
2015-11-05,4100,-0.003214341
2015-11-06,4100,0
2015-11-09,4060.3,-0.009730111
2015-11-10,4033.9,-0.006523213
2015-11-11,4007.4,-0.006590998
2015-11-12,3981,-0.006609608
2015-11-13,3981,0
2015-11-16,3914.8,-0.016768801
2015-11-17,3994.2,0.020079066
2015-11-18,3981,-0.003310265
2015-11-19,3941.3,-0.010022426
2015-11-20,3954.5,0.003343553
2015-11-23,3994.2,0.009989138
2015-11-24,3981,-0.003310265
2015-11-25,4113.2,0.03266827
2015-11-26,4192.6,0.019119752
2015-11-27,4139.7,-0.012697745
2015-11-30,4033.9,-0.025889672
2015-12-01,4007.4,-0.006590998
2015-12-02,4047.1,0.009857923
2015-12-03,4047.1,0
2015-12-04,4007.4,-0.009857923
2015-12-07,3954.5,-0.013288481
2015-12-08,4007.4,0.013288481
2015-12-09,3941.3,-0.016632034
2015-12-10,3888.4,-0.013512856
2015-12-11,3941.3,0.013512856
2015-12-14,4047.1,0.026489957
2015-12-15,4047.1,0
2015-12-16,4033.9,-0.003266925
2015-12-17,4020.6,-0.003302505
2015-12-18,4020.6,0
2015-12-21,3967.7,-0.013244563
2015-12-22,3928.1,-0.010030733
2015-12-23,3901.6,-0.006769123
2015-12-24,3901.6,0
2015-12-25,3901.6,0
2015-12-28,3822.3,-0.02053439
2015-12-29,3822.3,0
2015-12-30,3875.2,0.013744939
2015-12-31,3861.9,-0.003437984
2016-01-04,3809,-0.013792603
2016-01-05,3769.3,-0.01047738
2016-01-06,3835.5,0.017410497
2016-01-07,3729.7,-0.027972003
2016-01-08,3663.5,-0.017908827
2016-01-11,3663.5,0
2016-01-12,3703.2,0.010778336
2016-01-13,3637.1,-0.01801065
2016-01-14,3504.8,-0.037053203
2016-01-15,3372.6,-0.038449497
2016-01-18,3280,-0.027840538
2016-01-19,3332.9,0.015999373
2016-01-20,3332.9,0
2016-01-21,3372.6,0.011841164
2016-01-22,3385.8,0.003906255
2016-01-25,3597.4,0.060621147
2016-01-26,3491.6,-0.029851278
2016-01-27,3544.5,0.015037022
2016-01-28,3504.8,-0.011263649
2016-01-29,3637.1,0.037053203
2016-02-01,3531.3,-0.029520586
2016-02-02,3544.5,0.003731031
2016-02-03,3544.5,0
2016-02-04,3571,0.007448562
2016-02-05,3571,0
2016-02-15,3491.6,-0.022485585
2016-02-16,3531.3,0.011305991
2016-02-17,3531.3,0
2016-02-18,3544.5,0.003731031
2016-02-19,3571,0.007448562
2016-02-22,3597.4,0.007365694
2016-02-23,3597.4,0
2016-02-24,3597.4,0
2016-02-25,3610.6,0.003662601
2016-02-26,3756.1,0.039507222
2016-02-29,3690,-0.017754727
2016-03-01,3623.9,-0.018075664
2016-03-02,3597.4,-0.007339432
2016-03-03,3571,-0.007365694
2016-03-04,3637.1,0.018340992
2016-03-07,3676.8,0.010856148
2016-03-08,3822.3,0.038809527
2016-03-09,3769.3,-0.013963028
2016-03-10,3782.6,0.003522296
2016-03-11,3809,0.006955084
2016-03-14,3967.7,0.040819894
2016-03-15,3967.7,0
2016-03-16,3954.5,-0.003332411
2016-03-17,3967.7,0.003332411
2016-03-18,3928.1,-0.010030733
2016-03-21,3941.3,0.00335477
2016-03-22,3901.6,-0.010123893
2016-03-23,3875.2,-0.006789451
2016-03-24,3809,-0.017230587
2016-03-25,3835.5,0.006933117
2016-03-28,3954.5,0.030554367
2016-03-29,3941.3,-0.003343553
2016-03-30,3901.6,-0.010123893
2016-03-31,3901.6,0
2016-04-01,3835.5,-0.017086921
2016-04-04,3861.9,0.006859486
2016-04-05,3875.2,0.003437984
2016-04-06,3994.2,0.030246034
2016-04-07,3981,-0.003310265
2016-04-08,4073.5,0.022969537
2016-04-11,4166.1,0.022477766
2016-04-12,4192.6,0.00634072
2016-04-13,4113.2,-0.019119752
2016-04-14,4152.9,0.009605571
2016-04-15,4139.7,-0.003183564
2016-04-19,4086.8,-0.012861054
2016-04-20,4126.4,0.009643088
2016-04-21,4166.1,0.00957499
2016-04-22,4324.8,0.03738555
2016-04-25,4364.5,0.009137739
2016-04-26,4364.5,0
2016-04-27,4324.8,-0.009137739
2016-04-28,4298.4,-0.006123036
2016-04-29,4430.6,0.030292155
2016-05-04,4629,0.043805847
2016-05-05,4629,0
2016-05-06,4496.8,-0.028974829
2016-05-09,4483.5,-0.002962041
2016-05-10,4430.6,-0.011868976
2016-05-11,4562.9,0.029423371
2016-05-12,4496.8,-0.014592354
2016-05-13,4404.2,-0.020807402
2016-05-16,4391,-0.00300164
2016-05-17,4443.9,0.011975378
2016-05-18,4377.7,-0.015008897
2016-05-19,4391,0.003033519
2016-05-20,4391,0
2016-05-23,4457.1,0.014941339
2016-05-24,4457.1,0
2016-05-25,4457.1,0
2016-05-26,4391,-0.014941339
2016-05-27,4404.2,0.00300164
2016-05-30,4470.3,0.014896889
2016-05-31,4470.3,0
2016-06-01,4549.7,0.017605776
2016-06-02,4655.5,0.02298802
2016-06-03,4708.4,0.011298831
2016-06-06,4681.9,-0.005644137
2016-06-07,4801,0.025120219
2016-06-08,4880.3,0.016382464
2016-06-09,4853.9,-0.005424188
2016-06-10,4893.5,0.008125288
2016-06-13,4827.4,-0.013599773
2016-06-14,5012.6,0.037646722
2016-06-15,5025.8,0.002629903
2016-06-16,5039,0.002623004
2016-06-17,4946.4,-0.01854761
2016-06-20,5078.7,0.026395284
2016-06-21,5184.5,0.020618082
2016-06-22,5237.4,0.010151787
2016-06-23,5303.5,0.012541788
2016-06-24,5131.6,-0.032949479
2016-06-27,5158.1,0.005150793
2016-06-28,5118.4,-0.007726404
2016-06-29,5197.7,0.01537433
2016-06-30,5237.4,0.007608972
2016-07-01,5263.9,0.005047005
2016-07-04,5277.1,0.002504508
2016-07-05,5316.8,0.007494914
2016-07-06,5422.6,0.019703787
2016-07-07,5660.6,0.042954488
2016-07-08,5647.4,-0.002334631
2016-07-11,5356.4,-0.052903155
2016-07-12,5435.8,0.014714596
2016-07-13,5501.9,0.012086783
2016-07-14,5316.8,-0.034221869
2016-07-15,5369.7,0.009900422
2016-07-18,5594.5,0.041011931
2016-07-19,5554.8,-0.007121553
2016-07-20,5435.8,-0.021655715
2016-07-21,5449,0.002425402
2016-07-22,5316.8,-0.024560487
2016-07-25,5409.3,0.017248076
2016-07-26,5594.5,0.033664278
2016-07-27,5713.5,0.021047823
2016-07-28,5898.7,0.031900192
2016-07-29,5885.5,-0.002240289
2016-08-01,5832.6,-0.009028829
2016-08-02,5647.4,-0.032267608
2016-08-03,5713.5,0.011636533
2016-08-04,5634.2,-0.013976628
2016-08-05,5700.3,0.011663637
2016-08-08,5660.6,-0.006988911
2016-08-09,5726.8,0.011627017
2016-08-10,5991.3,0.045151506
2016-08-11,6083.9,0.015337521
2016-08-12,6057.4,-0.004365273
2016-08-15,6123.5,0.010853163
2016-08-16,6216.1,0.015008872
2016-08-17,6427.7,0.033474076
2016-08-18,6454.2,0.004114306
2016-08-19,6374.8,-0.012378364
2016-08-22,6414.5,0.006208335
2016-08-23,6520.3,0.016359334
2016-08-24,6480.6,-0.006107288
2016-08-25,6746.7,0.040240398
2016-08-26,6683.9,-0.009351847
2016-08-29,6511.3,-0.02616252
2016-08-30,6574.1,0.009598558
2016-08-31,6715.3,0.021250819
2016-09-01,6652.5,-0.009395781
2016-09-05,6589.8,-0.009469725
2016-09-06,6636.8,0.007106921
2016-09-07,6903.6,0.039413095
2016-09-08,7044.8,0.020246741
2016-09-09,6950.6,-0.013461769
2016-09-12,6746.7,-0.02977449
2016-09-13,6856.5,0.016143611
2016-09-14,6840.8,-0.002292424
2016-09-15,6935,0.01367637
2016-09-16,6982,0.006754355
2016-09-19,7154.6,0.024420098
2016-09-20,7131.1,-0.003290006
2016-09-21,7154.6,0.003290006
2016-09-22,7248.8,0.013080431
2016-09-23,7201.7,-0.006518829
2016-09-26,7209.5,0.001082492
2016-09-27,7256.6,0.006511799
2016-09-28,7327.2,0.009682052
2016-09-29,7280.1,-0.006448853
2016-09-30,7170.3,-0.015197104
2016-10-03,6982,-0.026612086
2016-10-04,6895.7,-0.01243738
2016-10-05,6840.8,-0.007993345
2016-10-06,6731,-0.016180963
2016-10-07,6448.6,-0.042860668
2016-10-10,6150.5,-0.047329674
2016-10-11,6574.1,0.066604307
2016-10-12,6401.5,-0.026605349
2016-10-13,6479.9,0.01217274
2016-10-14,6338.7,-0.022031378
2016-10-17,6244.6,-0.01495661
2016-10-18,6385.8,0.022359685
2016-10-19,6472.1,0.013423856
2016-10-20,6456.4,-0.002428744
2016-10-21,6432.9,-0.003646439
2016-10-24,6307.4,-0.0197019
2016-10-25,6213.2,-0.015047486
2016-10-26,6205.4,-0.00125618
2016-10-27,6205.4,0
2016-10-28,6401.5,0.031112457
2016-10-31,6393.7,-0.001219207
2016-11-01,6338.7,-0.00863943
2016-11-02,6197.5,-0.022527715
2016-11-03,6166.2,-0.00506322
2016-11-04,6213.2,0.007593296
2016-11-07,6448.6,0.037186992
2016-11-08,6511.3,0.009676076
2016-11-09,6425,-0.013342498
2016-11-10,6511.3,0.013342498
2016-11-11,6425,-0.013342498
2016-11-14,6464.3,0.0060981
2016-11-15,6589.8,0.019228268
2016-11-16,6605.5,0.002379636
2016-11-17,6558.4,-0.007155965
2016-11-18,6479.9,-0.012041593
2016-11-21,6589.8,0.016817921
2016-11-22,6574.1,-0.002385312
2016-11-23,6534.9,-0.005980642
2016-11-24,6542.7,0.00119288
2016-11-25,6550.6,0.001206724
2016-11-28,6385.8,-0.025479873
2016-11-29,6330.9,-0.008634369
2016-11-30,6605.5,0.042460229
2016-12-01,6550.6,-0.008345987
2016-12-02,6621.2,0.010719974
2016-12-05,6652.5,0.004716101
2016-12-06,6417.2,-0.036010838
2016-12-07,6409.3,-0.001231825
2016-12-08,6417.2,0.001231825
2016-12-09,6417.2,0
2016-12-12,6385.8,-0.00490511
2016-12-13,6362.3,-0.003686828
2016-12-14,6534.9,0.026767098
2016-12-15,6479.9,-0.008451967
2016-12-16,6558.4,0.012041593
2016-12-19,6511.3,-0.007207542
2016-12-20,6479.9,-0.004834051
2016-12-21,6574.1,0.014432608
2016-12-22,6668.2,0.014212272
2016-12-23,6738.8,0.010531909
2016-12-26,6872.2,0.01960242
2016-12-27,6770.2,-0.014953659
2016-12-28,6840.8,0.010374055
2016-12-29,6778.1,-0.009207857
2016-12-30,6770.2,-0.001166198
2017-01-03,6903.6,0.019512386
2017-01-04,6903.6,0
2017-01-05,6919.3,0.002271594
2017-01-06,6809.4,-0.016010598
2017-01-09,6770.2,-0.005773382
2017-01-10,6880,0.016088023
2017-01-11,6903.6,0.003424363
2017-01-12,6848.7,-0.007984161
2017-01-13,6778.1,-0.010362027
2017-01-16,6589.8,-0.028173828
2017-01-17,6589.8,0
2017-01-18,6527,-0.009575579
2017-01-19,6503.5,-0.003606926
2017-01-20,6621.2,0.017936129
2017-01-23,6589.8,-0.004753623
2017-01-24,6589.8,0
2017-01-25,6636.8,0.007106921
2017-02-02,6699.6,0.009417904
2017-02-03,6778.1,0.011649004
2017-02-06,6919.3,0.020617782
2017-02-07,6997.7,0.011266915
2017-02-08,7005.6,0.001128306
2017-02-09,6989.9,-0.002243579
2017-02-10,6958.5,-0.004502316
2017-02-13,7021.3,0.008984452
2017-02-14,7076.2,0.007788654
2017-02-15,7084,0.001101679
2017-02-16,7013.4,-0.010016115
2017-02-17,6950.6,-0.008994618
2017-02-20,6589.8,-0.053304988
2017-02-21,6629,0.005930964
2017-02-22,6307.4,-0.049730416
2017-02-23,6370.1,0.009891621
2017-02-24,6346.6,-0.003695932
2017-02-27,6315.2,-0.004959811
2017-02-28,6276,-0.006226591
2017-03-01,6417.2,0.022249051
2017-03-02,6589.8,0.026541114
2017-03-03,6432.9,-0.024097552
2017-03-06,6464.3,0.004869284
2017-03-07,6464.3,0
2017-03-08,6472.1,0.0012059
2017-03-09,6589.8,0.018022368
2017-03-10,6605.5,0.002379636
2017-03-13,6605.5,0
2017-03-14,6597.6,-0.001196689
2017-03-15,6519.2,-0.011954278
2017-03-16,6558.4,0.005995002
2017-03-17,6479.9,-0.012041593
2017-03-20,6566.2,0.0132302
2017-03-21,6723.1,0.023614079
2017-03-22,6652.5,-0.010556634
2017-03-23,6707.5,0.008233579
2017-03-24,6754.5,0.006982646
2017-03-27,6754.5,0
2017-03-28,6738.8,-0.002327082
2017-03-29,6809.4,0.010422143
2017-03-30,7048.7,0.034539192
2017-03-31,7189.9,0.019834061
2017-04-03,7519.4,0.044809084
2017-04-04,7601.8,0.010898714
2017-04-05,7401.7,-0.026675358
2017-04-07,7495.9,0.012646501
2017-04-10,7519.4,0.003130143
2017-04-11,7507.6,-0.001570507
2017-04-12,7437,-0.009448299
2017-04-13,7413.5,-0.003164879
2017-04-14,7272.3,-0.019230052
2017-04-17,7178.1,-0.013037886
2017-04-18,7119.3,-0.008225318
2017-04-19,7284.1,0.022884485
2017-04-20,7166.4,-0.016290454
2017-04-21,7166.4,0
2017-04-24,7072.2,-0.013231831
2017-04-25,7013.4,-0.008349001
2017-04-26,6872.2,-0.020338317
2017-04-27,6942.8,0.010220863
2017-04-28,6919.3,-0.003390543
2017-05-03,6848.7,-0.010255755
2017-05-04,6872.2,0.003425435
2017-05-05,6872.2,0
2017-05-08,6860.4,-0.001718539
2017-05-09,6989.9,0.018700501
2017-05-10,7060.5,0.010049621
2017-05-11,7095.8,0.004987189
2017-05-12,6989.9,-0.01503681
2017-05-15,6942.8,-0.006761099
2017-05-16,6825.1,-0.017098158
2017-05-17,6836.9,0.00172742
2017-05-18,6707.5,-0.019108109
2017-05-19,6754.5,0.006982646
2017-05-22,6801.6,0.006948929
2017-05-23,6836.9,0.005176534
2017-05-24,6907.5,0.010273365
2017-05-25,6907.5,0
2017-05-26,6872.2,-0.00512349
2017-05-29,7013.4,0.020338317
2017-05-30,6907.5,-0.015214827
2017-05-31,7154.6,0.035147729
2017-06-01,7131.1,-0.003290006
2017-06-02,7060.5,-0.00994963
2017-06-05,7048.7,-0.001672668
2017-06-06,7178.1,0.018191521
2017-06-07,7390,0.029093011
2017-06-08,7413.5,0.003174928
2017-06-09,7401.7,-0.001592959
2017-06-12,7272.3,-0.017637093
2017-06-13,7390,0.016055125
2017-06-14,7448.8,0.007925211
2017-06-15,7625.3,0.02341872
2017-06-16,7755.2,0.01689192
2017-06-19,7667.2,-0.011412096
2017-06-20,7767.8,0.013035494
2017-06-21,7692.3,-0.009767155
2017-06-22,7730.1,0.004901971
2017-06-23,7742.6,0.001615749
2017-06-26,7755.2,0.001626038
2017-06-27,7704.9,-0.006507096
2017-06-28,7717.5,0.001633987
2017-06-29,7830.6,0.014548658
2017-06-30,8044.3,0.026924631
2017-07-03,8295.7,0.030773542
2017-07-04,8295.7,0
2017-07-05,8270.5,-0.003042342
2017-07-06,8371.1,0.012090331
2017-07-07,8295.7,-0.009047989
2017-07-10,8320.8,0.003021096
2017-07-11,8270.5,-0.006063437
2017-07-12,8295.7,0.003042342
2017-07-13,8446.5,0.018014846
2017-07-14,8471.6,0.002967238
2017-07-17,8258,-0.025536965
2017-07-18,8056.9,-0.02465356
2017-07-19,7994,-0.007837607
2017-07-20,7956.3,-0.004727193
2017-07-21,7893.5,-0.007924432
2017-07-24,7943.7,0.006339526
2017-07-25,8044.3,0.012584604
2017-07-26,8245.4,0.024691703
2017-07-27,8157.4,-0.010729978
2017-07-28,8157.4,0
2017-07-31,8119.7,-0.004632283
2017-08-01,8220.3,0.012313497
2017-08-02,8119.7,-0.012313497
2017-08-03,8119.7,0
2017-08-04,8044.3,-0.009329442
2017-08-07,8107.1,0.007776455
2017-08-08,8119.7,0.001552987
2017-08-09,8006.6,-0.014027006
2017-08-10,8044.3,0.004697565
2017-08-11,8220.3,0.021642939
2017-08-14,8547.1,0.038985339
2017-08-15,8421.4,-0.014815959
2017-08-16,8609.9,0.022136619
2017-08-17,8459.1,-0.017669919
2017-08-18,8484.2,0.002962825
2017-08-21,8320.8,-0.019447206
2017-08-22,8358.5,0.004520581
2017-08-23,8421.4,0.0074971
2017-08-24,8471.6,0.005943308
2017-08-25,8521.9,0.005919928
2017-08-28,8647.6,0.014642505
2017-08-29,8660.2,0.001455991
2017-08-30,8760.7,0.011537993
2017-08-31,8811,0.00572513
2017-09-01,8823.6,0.001429009
2017-09-05,8899,0.008508961
2017-09-06,9049.8,0.016803747
2017-09-07,8924.1,-0.013987176
2017-09-08,9037.3,0.012604975
2017-09-11,8873.9,-0.018246073
2017-09-12,8911.6,0.004239415
2017-09-13,9276.1,0.040087401
2017-09-14,9225.8,-0.005437293
2017-09-15,9301.2,0.008139517
2017-09-18,9464.6,0.017415099
2017-09-19,9552.6,0.009254846
2017-09-20,9527.5,-0.002631015
2017-09-21,9426.9,-0.010615049
2017-09-22,9477.2,0.005321609
2017-09-25,9426.9,-0.005321609
2017-09-26,9401.8,-0.002666144
2017-09-27,9477.2,0.007987754
2017-09-28,9489.7,0.001318086
2017-09-29,9778.8,0.030009777
2017-10-02,9816.5,0.003847866
2017-10-03,9753.7,-0.006417943
2017-10-04,9967.4,0.021673067
2017-10-05,9753.7,-0.021673067
2017-10-06,9766.3,0.001290984
2017-10-09,9917.1,0.015322856
2017-10-10,9979.9,0.00631253
2017-10-11,9942.2,-0.003784746
2017-10-12,9929.7,-0.001258058
2017-10-13,9791.4,-0.014025817
2017-10-16,9552.6,-0.024691081
2017-10-17,9804,0.025977097
2017-10-18,9653.1,-0.015511358
2017-10-19,9502.3,-0.015745233
2017-10-20,9414.3,-0.009304065
2017-10-23,9326.3,-0.009391444
2017-10-24,9426.9,0.010728939
2017-10-25,9389.2,-0.004007212
2017-10-26,9301.2,-0.009416668
2017-10-27,9477.2,0.01874549
2017-10-30,9250.9,-0.02416807
2017-10-31,9301.2,0.00542258
2017-11-01,8974.4,-0.035767344
2017-11-02,8748.2,-0.025528115
2017-11-03,9100.1,0.039437438
2017-11-06,9276.1,0.019155797
2017-11-07,9276.1,0
2017-11-08,9313.8,0.004055971
2017-11-09,9313.8,0
2017-11-10,9364.1,0.005386057
2017-11-13,9213.2,-0.01624599
2017-11-14,9401.8,0.020263922
2017-11-15,9741.1,0.035452887
2017-11-16,9716,-0.002580036
2017-11-17,9602.9,-0.011708875
2017-11-20,9401.8,-0.021163976
2017-11-21,9439.5,0.004001852
2017-11-22,9628,0.019772507
2017-11-23,9602.9,-0.002610384
2017-11-24,9829.1,0.023282237
2017-11-27,9866.8,0.003828213
2017-11-28,9904.5,0.003813613
2017-11-29,9879.4,-0.002537418
2017-11-30,10357,0.047210838
2017-12-01,10432.4,0.007253728
2017-12-04,10558.1,0.01197699
2017-12-05,10457.6,-0.009564351
2017-12-06,10621,0.015504187
2017-12-07,10545.6,-0.007124462
2017-12-08,10357,-0.018046092
2017-12-11,10105.6,-0.024572894
2017-12-12,9979.9,-0.012516655
2017-12-13,10130.8,0.015007218
2017-12-14,10218.8,0.008648873
2017-12-15,10482.7,0.025497118
2017-12-18,10809.5,0.030699098
2017-12-19,10960.3,0.013854276
2017-12-20,11060.9,0.009136714
2017-12-21,11086,0.002266684
2017-12-22,11148.9,0.005657787
2017-12-25,11023.2,-0.011338696
2017-12-26,11035.8,0.001142391
2017-12-27,11412.8,0.033590999
2017-12-28,11513.4,0.008776042
2017-12-29,11777.3,0.022662375
2018-01-02,11991,0.017982418
2018-01-03,11965.9,-0.00209543
2018-01-04,12116.7,0.012523728
2018-01-05,12066.4,-0.004159936
2018-01-08,12443.5,0.030773668
2018-01-09,13298.2,0.06643029
2018-01-10,12996.5,-0.022948597
2018-01-11,12996.5,0
2018-01-12,13097.1,0.007710741
2018-01-15,13725.6,0.046871871
2018-01-16,14077.5,0.025315076
2018-01-17,13474.2,-0.043801032
2018-01-18,14077.5,0.043801032
2018-01-19,15007.6,0.063978961
2018-01-22,15988,0.063281701
2018-01-25,15460.1,-0.033575929
2018-01-26,16063.4,0.038280881
2018-01-29,15460.1,-0.038280881
2018-01-30,15409.8,-0.003258841
2018-01-31,15661.2,0.016182645
2018-02-01,15334.4,-0.021087645
2018-02-02,15359.6,0.001642015
2018-02-05,14328.9,-0.069462209
2018-02-06,14580.3,0.017392826
2018-02-07,14957.3,0.025528172
2018-02-08,15007.6,0.003357264
2018-02-09,14655.7,-0.023727401
2018-02-12,14781.4,0.008540295
2018-02-13,15233.9,0.030153574
2018-02-21,15083,-0.009954926
2018-02-22,14806.5,-0.018502008
2018-02-23,15485.2,0.044818456
2018-02-26,16189.1,0.044453447
2018-02-27,16113.7,-0.004668334
2018-02-28,16591.3,0.02920862
2018-03-01,16767.3,0.010552099
2018-03-02,16666.8,-0.006011844
2018-03-05,15510.4,-0.07190795
2018-03-06,16063.4,0.035032626
2018-03-07,15359.6,-0.044802707
2018-03-08,15535.5,0.011387042
2018-03-09,15460.1,-0.004865216
2018-03-12,15585.8,0.008097732
2018-03-13,15460.1,-0.008097732
2018-03-14,15535.5,0.004865216
2018-03-15,15233.9,-0.01960452
2018-03-16,15133.3,-0.006625594
2018-03-19,15862.3,0.047047611
2018-03-20,15460.1,-0.025682713
2018-03-21,15837.2,0.024099092
2018-03-22,15786.9,-0.003181121
2018-03-23,15435,-0.022542824
2018-03-26,14806.5,-0.041571384
2018-03-27,14932.2,0.008453681
2018-03-28,15057.9,0.008382815
2018-03-29,15284.1,0.014910302
2018-03-30,15183.6,-0.006597174
2018-04-02,14831.7,-0.023449116
2018-04-03,14706,-0.008511208
2018-04-04,14831.7,0.008511208
2018-04-05,14781.4,-0.003397148
2018-04-06,15183.6,0.026846264
2018-04-09,15284.1,0.006597174
2018-04-10,15284.1,0
2018-04-11,15208.7,-0.00494544
2018-04-12,15510.4,0.019643134
2018-04-13,15384.7,-0.008137258
2018-04-16,15108.2,-0.018135866
2018-04-17,15007.6,-0.006680903
2018-04-18,14831.7,-0.011789957
2018-04-19,14328.9,-0.034488305
2018-04-20,14781.4,0.031091157
2018-04-23,13976.9,-0.055963667
2018-04-24,14077.5,0.007171811
2018-04-26,13449,-0.045673024
2018-04-27,13524.5,0.005598102
2018-05-02,13675.3,0.01108843
2018-05-03,13650.1,-0.001844438
2018-05-04,13574.7,-0.005539081
2018-05-07,14077.5,0.036370012
2018-05-08,14328.9,0.017700699
2018-05-09,14328.9,0
2018-05-10,13876.4,-0.032088921
2018-05-11,14002.1,0.009017763
2018-05-14,14027.2,0.001790983
2018-05-15,13926.7,-0.007190441
2018-05-16,13574.7,-0.025600095
2018-05-17,13323.3,-0.018693384
2018-05-18,13549.6,0.016842644
2018-05-21,13373.6,-0.013074412
2018-05-22,12694.9,-0.052082276
2018-05-23,12996.5,0.023479752
2018-05-24,13172.5,0.013451233
2018-05-25,13097.1,-0.005740491
2018-05-28,12242.4,-0.067485495
2018-05-29,13072,0.065567202
2018-05-30,13273.1,0.015266893
2018-05-31,14102.6,0.060619747
2018-06-01,14328.9,0.015919299
2018-06-04,15083,0.051289805
2018-06-05,14831.7,-0.0168015
2018-06-06,15284.1,0.03004629
2018-06-07,15560.7,0.017935433
2018-06-08,15409.8,-0.009744834
2018-06-11,15233.9,-0.011480463
2018-06-12,14957.3,-0.018323733
2018-06-13,15274.1,0.020959109
2018-06-14,14992.5,-0.018608507
2018-06-15,15133.3,0.009347538
2018-06-18,14147.9,-0.067331411
2018-06-19,13496.8,-0.047113583
2018-06-20,14077.5,0.042125158
2018-06-21,13813.5,-0.018931403
2018-06-22,14411.8,0.042400941
2018-06-25,14605.4,0.013344008
2018-06-26,14464.6,-0.009687038
2018-06-27,13901.5,-0.039707537
2018-06-28,13672.8,-0.01658829
2018-06-29,13514.4,-0.011652674
2018-07-02,13514.4,0
2018-07-03,12775.3,-0.056242164
2018-07-04,13056.9,0.02180311
2018-07-05,12704.9,-0.027328984
2018-07-06,12951.3,0.019208423
2018-07-09,12564.2,-0.030344669
2018-07-10,12493.8,-0.005618979
2018-07-11,12106.6,-0.031481763
2018-07-12,11877.9,-0.019071228
2018-07-13,12529,0.053366427
2018-07-16,12493.8,-0.002813436
2018-07-17,12704.9,0.016755225
2018-07-18,13092.1,0.030021249
2018-07-19,13092.1,0
2018-07-20,12916.1,-0.0135344
2018-07-23,13004.1,0.006790097
2018-07-24,12458.6,-0.042853545
2018-07-25,12493.8,0.002821374
2018-07-26,12845.7,0.027776604
2018-07-27,13127.3,0.021684906
2018-07-30,13039.3,-0.006726157
2018-07-31,13144.9,0.008065977
2018-08-01,13232.8,0.006664745
2018-08-02,13109.7,-0.009346182
2018-08-03,12775.3,-0.025838795
2018-08-06,12722.5,-0.00414154
2018-08-07,12722.5,0
2018-08-08,12916.1,0.015102516
2018-08-09,12863.3,-0.0040963
2018-08-10,13021.7,0.012238901
2018-08-13,13479.2,0.03453056
2018-08-14,13549.6,0.00520927
2018-08-15,13197.6,-0.026322032
2018-08-16,13197.6,0
2018-08-17,13268,0.005320126
2018-08-20,13109.7,-0.012002707
2018-08-21,13197.6,0.006682581
2018-08-22,13373.6,0.01324762
2018-08-23,13408.8,0.002628593
2018-08-24,13496.8,0.006541412
2018-08-27,13708,0.015526984
2018-08-28,14042.3,0.024094599
2018-08-29,13936.7,-0.007548554
2018-08-30,13954.3,0.001262056
2018-08-31,14059.9,0.007539069
2018-09-04,13725.6,-0.024064072
2018-09-05,13584.8,-0.010311182
2018-09-06,13602.4,0.001294727
2018-09-07,13971.9,0.026801922
2018-09-10,13795.9,-0.012676723
2018-09-11,14077.5,0.020206332
2018-09-12,13901.5,-0.01258103
2018-09-13,13989.5,0.0063103
2018-09-14,13901.5,-0.0063103
2018-09-17,13883.9,-0.001266853
2018-09-18,13883.9,0
2018-09-19,13954.3,0.005057809
2018-09-20,14394.2,0.031037643
2018-09-21,14535,0.009734186
2018-09-24,14535,0
2018-09-25,14517.4,-0.001211604
2018-09-26,14429.4,-0.006080138
2018-09-27,14623,0.01332784
2018-09-28,14886.9,0.017886
2018-10-01,14922.1,0.002361704
2018-10-02,14535,-0.026283802
2018-10-03,14535,0
2018-10-04,14570.2,0.002418813
2018-10-05,14587.8,0.001207216
2018-10-08,14499.8,-0.006050707
2018-10-09,14429.4,-0.004867064
2018-10-10,14570.2,0.009710555
2018-10-11,14042.3,-0.036904144
2018-10-12,14359,0.02230272
2018-10-15,14200.7,-0.011085664
2018-10-16,14341.4,0.0098592
2018-10-17,14429.4,0.006117332
2018-10-18,14429.4,0
2018-10-19,14341.4,-0.006117332
2018-10-22,14112.7,-0.016075358
2018-10-23,13901.5,-0.015078353
2018-10-24,13795.9,-0.007625301
2018-10-25,13725.6,-0.005108744
2018-10-26,13690.4,-0.002567845
2018-10-29,13672.8,-0.001286399
2018-10-30,13620,-0.003869157
2018-10-31,14165.5,0.03927013
2018-11-01,13936.7,-0.016283782
2018-11-02,14077.5,0.01005213
2018-11-05,14077.5,0
2018-11-06,13936.7,-0.01005213
2018-11-07,13778.3,-0.011430758
2018-11-08,13690.4,-0.006400033
2018-11-09,13232.8,-0.033996261
2018-11-12,13215.2,-0.001330914
2018-11-13,12986.5,-0.017457326
2018-11-14,12599.4,-0.030261163
2018-11-15,12317.8,-0.022603823
2018-11-16,12388.2,0.005699036
2018-11-19,12476.2,0.007078423
2018-11-20,12845.7,0.029186296
2018-11-21,12845.7,0
2018-11-22,12599.4,-0.019359931
2018-11-23,12511.4,-0.007008965
2018-11-26,12529,0.001405729
2018-11-27,12529,0
2018-11-28,12388.2,-0.011301551
2018-11-29,12036.3,-0.028817323
2018-11-30,11684.3,-0.029681023
2018-12-03,12247.4,0.047067609
2018-12-04,12177,-0.005764743
2018-12-05,12423.4,0.020032865
2018-12-06,12177,-0.020032865
2018-12-07,12194.6,0.001444304
2018-12-10,11877.9,-0.0263137
2018-12-11,11772.3,-0.008930216
2018-12-12,11825.1,0.004475077
2018-12-13,11965.9,0.011836547
2018-12-14,11789.9,-0.014817705
2018-12-17,11402.8,-0.033384293
2018-12-18,10945.3,-0.040948799
2018-12-19,10452.5,-0.046068956
2018-12-20,10540.5,0.008383796
2018-12-21,10540.5,0
2018-12-24,10734.1,0.01820061
2018-12-25,10698.9,-0.003284657
2018-12-26,10663.7,-0.003295482
2018-12-27,10892.5,0.021229029
2018-12-28,10892.5,0
2019-01-02,10839.7,-0.004859159
2019-01-03,10382.2,-0.043122519
2019-01-04,10452.5,0.006748383
2019-01-07,10329.4,-0.011846986
2019-01-08,10153.4,-0.017185573
2019-01-09,10382.2,0.022284177
2019-01-10,10487.7,0.010110341
2019-01-11,10329.4,-0.015208944
2019-01-14,10311.8,-0.001705328
2019-01-15,10311.8,0
2019-01-16,10364.6,0.005107283
2019-01-17,10171,-0.01885562
2019-01-18,10276.6,0.010328932
2019-01-21,10399.7,0.011907494
2019-01-22,10382.2,-0.001684158
2019-01-23,10575.7,0.018466115
2019-01-24,10505.3,-0.006679025
2019-01-25,10452.5,-0.005038707
2019-01-28,10470.1,0.001682392
2019-01-29,10452.5,-0.001682392
2019-01-30,10206.2,-0.023845805
2019-01-31,9748.7,-0.045861436
2019-02-01,9607.9,-0.014548266
2019-02-11,10171,0.056954857
2019-02-12,10382.2,0.020552268
2019-02-13,10874.9,0.04636458
2019-02-14,10910.1,0.003231584
2019-02-15,11121.2,0.019164231
2019-02-18,11314.8,0.017258407
2019-02-19,11156.4,-0.014098279
2019-02-20,11332.4,0.015652555
2019-02-21,11508.4,0.015411324
2019-02-22,11930.7,0.036037706
2019-02-25,12247.4,0.02619876
2019-02-26,12141.8,-0.008659625
2019-02-27,12106.6,-0.002903286
2019-02-28,11825.1,-0.023526367
2019-03-01,12053.9,0.019163868
2019-03-04,12441,0.031609211
2019-03-05,12335.4,-0.008524292
2019-03-06,12317.8,-0.001427807
2019-03-07,12001.1,-0.026047058
2019-03-08,11948.3,-0.004409303
2019-03-11,11895.5,-0.004428832
2019-03-12,11913.1,0.001478458
2019-03-13,12089,0.014657313
2019-03-14,12036.3,-0.004368865
2019-03-15,11226.8,-0.069623307
2019-03-18,11209.2,-0.001568907
2019-03-19,11226.8,0.001568907
2019-03-20,11367.6,0.012463427
2019-03-21,11262,-0.009332977
2019-03-22,11244.4,-0.001564
2019-03-25,11050.8,-0.017367403
2019-03-26,11121.2,0.006350373
2019-03-27,11385.2,0.02346107
2019-03-28,11420.4,0.003086964
2019-03-29,11332.4,-0.00773535
2019-04-01,11244.4,-0.007795653
2019-04-02,11297.2,0.00468468
2019-04-03,11297.2,0
2019-04-04,11402.8,0.009304032
2019-04-05,11438,0.003082206
2019-04-08,11402.8,-0.003082206
2019-04-09,11297.2,-0.009304032
2019-04-10,11244.4,-0.00468468
2019-04-11,11244.4,0
2019-04-12,11279.6,0.003125558
2019-04-16,11174,-0.009406133
2019-04-17,11121.2,-0.004736454
2019-04-18,11015.6,-0.009540747
2019-04-19,11121.2,0.009540747
2019-04-22,11209.2,0.007881673
2019-04-23,11226.8,0.001568907
2019-04-24,11737.1,0.044450988
2019-04-25,11649.1,-0.007525841
2019-04-26,11825.1,0.014995467
2019-05-02,11965.9,0.011836547
2019-05-03,12018.7,0.004402832
2019-05-06,11772.3,-0.020714456
2019-05-07,11789.9,0.001493919
2019-05-08,11666.7,-0.010504603
2019-05-09,11578.7,-0.007571427
2019-05-10,11561.1,-0.001521189
2019-05-13,11279.6,-0.02465023
2019-05-14,11402.8,0.010863155
2019-05-15,11402.8,0
2019-05-16,11367.6,-0.003091736
2019-05-17,11350,-0.00154946
2019-05-20,11543.5,0.016904764
2019-05-21,11578.7,0.003044695
2019-05-22,11613.9,0.003035453
2019-05-23,11525.9,-0.00760598
2019-05-24,11314.8,-0.018485074
2019-05-27,11332.4,0.001554276
2019-05-28,11279.6,-0.004670095
2019-05-29,11438,0.013945361
2019-05-30,11262,-0.015506919
2019-05-31,11297.2,0.003120681
2019-06-03,11086,-0.018871856
2019-06-04,11117.7,0.002855382
2019-06-05,10888.9,-0.020794511
2019-06-06,10385.7,-0.047314062
2019-06-07,10500,0.010945397
2019-06-10,10477.2,-0.00217379
2019-06-11,10522.9,0.004352367
2019-06-12,10568.7,0.004342968
2019-06-13,10522.9,-0.004342968
2019-06-14,10500,-0.002178578
2019-06-17,10271.3,-0.022021659
2019-06-18,10545.8,0.026374078
2019-06-19,10911.8,0.034117096
2019-06-20,10797.4,-0.010539408
2019-06-21,10843.2,0.004232791
2019-06-24,10683.1,-0.014875102
2019-06-25,10568.7,-0.010766251
2019-06-26,10477.2,-0.008695335
2019-06-27,10317,-0.015408448
2019-06-28,10751.7,0.041270861
2019-07-01,10522.9,-0.021510047
2019-07-02,10339.9,-0.017543637
2019-07-03,10134,-0.020114091
2019-07-04,10202.7,0.006756284
2019-07-05,10202.7,0
2019-07-08,9951,-0.024979343
2019-07-09,9768,-0.018561312
2019-07-10,9768,0
2019-07-11,9859.5,0.009323721
2019-07-12,10019.7,0.016117698
2019-07-15,9813.8,-0.020763597
2019-07-16,9882.4,0.006965839
2019-07-17,9768,-0.01164366
2019-07-18,9585,-0.01891236
2019-07-19,9424.9,-0.016844253
2019-07-22,9493.5,0.007252231
2019-07-23,9928.1,0.044761766
2019-07-24,9859.5,-0.006933663
2019-07-25,10248.4,0.038686138
2019-07-26,10317,0.006671424
2019-07-29,10111.2,-0.0201493
2019-07-30,9836.6,-0.027533597
2019-07-31,10317,0.047682897
2019-08-01,10339.9,0.002217178
2019-08-02,10271.3,-0.0066566
2019-08-05,10134,-0.013457491
2019-08-06,9951,-0.018223058
2019-08-07,10111.2,0.015970672
2019-08-08,10660.2,0.05287346
2019-08-09,10568.7,-0.008620378
2019-08-12,10797.4,0.021408562
2019-08-13,10728.8,-0.00637365
2019-08-14,10728.8,0
2019-08-15,10637.3,-0.008565022
2019-08-16,10545.8,-0.008639016
2019-08-19,10545.8,0
2019-08-20,10477.2,-0.006526209
2019-08-21,10614.4,0.013010102
2019-08-22,10545.8,-0.006483893
2019-08-23,10705.9,0.015067315
2019-08-26,10431.4,-0.025974503
2019-08-27,10248.4,-0.017698892
2019-08-28,10179.8,-0.006716231
2019-08-29,10134,-0.004509258
2019-08-30,10156.9,0.00225717
2019-09-03,9905.3,-0.02508331
2019-09-04,9882.4,-0.00231457
2019-09-05,9928.1,0.004613723
2019-09-06,9790.9,-0.013915738
2019-09-09,9699.4,-0.009389355
2019-09-10,9745.1,0.004700567
2019-09-11,10088.3,0.034611742
2019-09-12,10317,0.022416684
2019-09-13,10339.9,0.002217178
2019-09-16,10362.8,0.002212273
2019-09-17,10385.7,0.002207389
2019-09-18,10522.9,0.013123975
2019-09-19,10500,-0.002178578
2019-09-20,10362.8,-0.013152787
2019-09-23,10065.4,-0.029118671
2019-09-24,10134,0.006792307
2019-09-25,10019.7,-0.011342952
2019-09-26,10179.8,0.015852209
2019-09-27,10134,-0.004509258
2019-09-30,10042.5,-0.00907002
2019-10-01,10019.7,-0.002272932
2019-10-02,9951,-0.006880106
2019-10-03,9859.5,-0.009237591
2019-10-04,9768,-0.009323721
2019-10-07,9745.1,-0.002347142
2019-10-08,10019.7,0.027788561
2019-10-09,10019.7,0
2019-10-10,9836.6,-0.018443032
2019-10-11,9836.6,0
2019-10-14,9813.8,-0.002320564
2019-10-15,9768,-0.004677822
2019-10-16,9745.1,-0.002347142
2019-10-17,9790.9,0.004688788
2019-10-18,9790.9,0
2019-10-21,9699.4,-0.009389355
2019-10-22,9882.4,0.018691369
2019-10-23,9996.8,0.011509645
2019-10-24,10065.4,0.006838758
2019-10-25,9973.9,-0.009132119
2019-10-28,10156.9,0.018181596
2019-10-29,10156.9,0
2019-10-30,10065.4,-0.009049478
2019-10-31,9973.9,-0.009132119
2019-11-01,10019.7,0.004581474
2019-11-04,9951,-0.006880106
2019-11-05,10019.7,0.006880106
2019-11-06,10065.4,0.004550645
2019-11-07,10385.7,0.03132606
2019-11-08,10385.7,0
2019-11-11,10431.4,0.004390628
2019-11-12,10522.9,0.008733347
2019-11-13,10362.8,-0.015331364
2019-11-14,10362.8,0
2019-11-15,10362.8,0
2019-11-18,10477.2,0.010978997
2019-11-19,10431.4,-0.004380979
2019-11-20,10248.4,-0.017698892
2019-11-21,10065.4,-0.018017796
2019-11-22,10111.2,0.00453992
2019-11-25,10179.8,0.006761644
2019-11-26,10362.8,0.017817106
2019-11-27,10339.9,-0.002212273
2019-11-28,10339.9,0
2019-11-29,10454.3,0.011003179
2019-12-02,10500,0.00436188
2019-12-03,10728.8,0.021556457
2019-12-04,10728.8,0
2019-12-05,10568.7,-0.015034912
2019-12-06,10911.8,0.03194797
2019-12-09,11071.9,0.014565595
2019-12-10,11163.4,0.008230203
2019-12-11,11163.4,0
2019-12-12,11071.9,-0.008230203
2019-12-13,10888.9,-0.016666445
2019-12-16,10866.1,-0.002096071
2019-12-17,10591.6,-0.025586617
2019-12-18,10317,-0.026268214
2019-12-19,10431.4,0.011027468
2019-12-20,10522.9,0.008733347
2019-12-23,10545.8,0.002173842
2019-12-24,10614.4,0.006483893
2019-12-25,10591.6,-0.002150336
2019-12-26,10522.9,-0.006507399
2019-12-27,10774.6,0.023637678
2019-12-30,10820.3,0.004232487
2019-12-31,10751.7,-0.006360118
2020-01-02,10980.4,0.021047984
2020-01-03,11049.1,0.006237111
2020-01-06,10980.4,-0.006237111
2020-01-07,10843.2,-0.01257371
2020-01-08,10728.8,-0.010606441
2020-01-09,10980.4,0.023180151
2020-01-10,11071.9,0.008298502
2020-01-13,11094.8,0.002066163
2020-01-14,11438,0.030464615
2020-01-15,11506.6,0.005979638
2020-01-16,11575.2,0.005944095
2020-01-17,11438,-0.011923733
2020-01-20,11666.7,0.019797484
2020-01-21,11826.9,0.013637968
2020-01-22,12032.7,0.017251346
2020-01-30,11575.2,-0.038763065
2020-01-31,11026.2,-0.048590619
2020-02-03,11232.1,0.018501491
2020-02-04,11255,0.002036724
2020-02-05,11186.3,-0.006122659
2020-02-06,11529.5,0.030219153
2020-02-07,11140.6,-0.034312875
2020-02-10,11140.6,0
2020-02-11,10797.4,-0.031290729
2020-02-12,10888.9,0.008438557
2020-02-13,10843.2,-0.004205766
2020-02-14,10843.2,0
2020-02-17,10866.1,0.002109696
2020-02-18,10660.2,-0.019130671
2020-02-19,10637.3,-0.002150488
2020-02-20,10866.1,0.021281159
2020-02-21,10774.6,-0.008456339
2020-02-24,10385.7,-0.036761652
2020-02-25,10568.7,0.017466943
2020-02-26,10408.5,-0.015274023
2020-02-27,10500,0.008752477
2020-02-28,10225.5,-0.026490657
2020-03-02,10202.7,-0.002232209
2020-03-03,10202.7,0
2020-03-04,10225.5,0.002232209
2020-03-05,10225.5,0
2020-03-06,10248.4,0.002236995
2020-03-09,9539.3,-0.071701488
2020-03-10,9905.3,0.03764986
2020-03-11,9402,-0.052147535
2020-03-12,8807.2,-0.065352864
2020-03-13,8715.7,-0.010443572
2020-03-16,8738.6,0.002623997
2020-03-17,8784.4,0.005227427
2020-03-18,9013.1,0.025701654
2020-03-19,8761.5,-0.028311951
2020-03-20,8509.8,-0.029148683
2020-03-23,7915.1,-0.072446113
2020-03-24,7823.6,-0.011627521
2020-03-25,8143.8,0.040112095
2020-03-26,7754.9,-0.048932
2020-03-27,7411.8,-0.045251577
2020-03-30,7480.4,0.009212942
2020-03-31,7709.2,0.030128154
2020-04-01,7892.2,0.023460509
2020-04-03,8075.2,0.022922707
2020-04-06,8624.2,0.065774568
2020-04-07,8692.8,0.007922892
2020-04-08,8555.6,-0.015909058
2020-04-09,8487,-0.008050458
2020-04-10,8601.3,0.013377774
2020-04-13,8853,0.02884303
2020-04-14,9127.5,0.03053545
2020-04-15,9196.1,0.007487647
2020-04-16,9264.7,0.007431998
2020-04-17,9470.6,0.021980784
2020-04-20,9699.4,0.023871765
2020-04-21,9241.9,-0.048316536
2020-04-22,9516.4,0.029269134
2020-04-23,9882.4,0.037738771
2020-04-24,10111.2,0.022888323
2020-04-27,10042.5,-0.006817633
2020-04-28,9790.9,-0.025372704
2020-04-29,9836.6,0.00465674
2020-05-04,9607.9,-0.023524446
2020-05-05,9790.9,0.018867706
2020-05-06,10156.9,0.036699895
2020-05-07,10797.4,0.061152087
2020-05-08,10705.9,-0.008510373
2020-05-11,10957.6,0.023238288
2020-05-12,10820.3,-0.01260928
2020-05-13,11026.2,0.018850259
2020-05-14,10957.6,-0.00624098
2020-05-15,10751.7,-0.018969398
2020-05-18,11483.7,0.065864757
2020-05-19,11964.1,0.040981861
2020-05-20,12101.4,0.011410649
2020-05-21,12124.2,0.001882307
2020-05-22,12467.4,0.027913782
2020-05-25,12490.3,0.001835106
2020-05-26,12993.5,0.039496889
2020-05-27,12444.5,-0.043170474
2020-05-28,12444.5,0
2020-05-29,12536,0.007325747
2020-06-01,12650.4,0.00908433
2020-06-02,12375.9,-0.021937802
2020-06-03,12330.1,-0.003707606
2020-06-04,12170,-0.01306952
2020-06-05,12375.9,0.016777126
2020-06-08,12673.3,0.023746385
2020-06-09,12398.7,-0.02190579
2020-06-10,12353,-0.00369268
2020-06-11,11666.7,-0.057160319
2020-06-12,12124.2,0.038464825
2020-06-15,11621,-0.042389649
2020-06-16,11987,0.031008923
2020-06-17,12009.9,0.00190858
2020-06-18,12261.5,0.020732962
2020-06-19,12513.1,0.020311823
2020-06-22,12490.3,-0.001823752
2020-06-23,12353,-0.011053395
2020-06-24,12353,0
2020-06-25,12490.3,0.011053395
2020-06-26,12444.5,-0.003673585
2020-06-29,12192.9,-0.020424943
2020-06-30,12261.5,0.005610457
2020-07-01,12536,0.022140233
2020-07-02,12627.5,0.00727247
2020-07-03,12581.8,-0.00362565
2020-07-06,12627.5,0.00362565
2020-07-07,12970.6,0.026808282
2020-07-08,12833.4,-0.01063411
2020-07-09,12879.1,0.003554695
2020-07-10,12696.1,-0.014310983
2020-07-13,12650.4,-0.003606024
2020-07-14,12764.8,0.009002548
2020-07-15,12833.4,0.005359765
2020-07-16,13085,0.019415389
2020-07-17,13062.2,-0.001743973
2020-07-20,12810.5,-0.019457416
2020-07-21,12856.3,0.003568816
2020-07-22,12856.3,0
2020-07-23,12902,0.003548375
2020-07-24,12284.4,-0.049052173
2020-07-27,11872.6,-0.034096941
2020-07-28,12513.1,0.052542871
2020-07-29,12126,-0.031424188
2020-07-30,12321.1,0.015961332
2020-07-31,12098.1,-0.018264824
2020-08-03,12767.1,0.053823134
2020-08-04,12822.9,0.004361085
2020-08-05,13436.1,0.046712479
2020-08-06,13408.3,-0.002071196
2020-08-07,13491.9,0.006215587
2020-08-10,13547.6,0.004119904
2020-08-11,13519.8,-0.002054132
2020-08-12,13547.6,0.002054132
2020-08-13,13659.1,0.008196556
2020-08-14,13436.1,-0.016460852
2020-08-17,13547.6,0.008264295
2020-08-18,13464,-0.006189953
2020-08-19,13519.8,0.004135821
2020-08-20,13436.1,-0.006210163
2020-08-21,13575.5,0.010321583
2020-08-24,13826.4,0.018313111
2020-08-25,13687,-0.010133331
2020-08-26,13491.9,-0.014356972
2020-08-27,13547.6,0.004119904
2020-08-28,13547.6,0
2020-08-31,13687,0.010237067
2020-09-01,13826.4,0.010133331
2020-09-03,13937.9,0.00803194
2020-09-04,13910,-0.002003742
2020-09-07,13659.1,-0.01820204
2020-09-08,13742.8,0.006109084
2020-09-09,13659.1,-0.006109084
2020-09-10,13687,0.002040511
2020-09-11,13631.3,-0.004077858
2020-09-14,13714.9,0.006114214
2020-09-15,13770.6,0.004053052
2020-09-16,13770.6,0
2020-09-17,14160.9,0.027948761
2020-09-18,14328.2,0.011744978
2020-09-21,14328.2,0
2020-09-22,14244.5,-0.005858756
2020-09-23,14383.9,0.009738658
2020-09-24,14300.3,-0.005829009
2020-09-25,14356,0.003887457
2020-09-28,14718.4,0.024930438
2020-09-29,14690.5,-0.001897385
2020-09-30,14718.4,0.001897385
2020-10-01,15052.9,0.022472252
2020-10-02,14885.7,-0.011169643
2020-10-05,15248.1,0.024053885
2020-10-06,15749.8,0.032372762
2020-10-07,15498.9,-0.016058613
2020-10-08,15666.2,0.010736472
2020-10-09,15889.2,0.014134108
2020-10-12,15749.8,-0.008811966
2020-10-13,15610.4,-0.008890308
2020-10-14,15805.6,0.012426949
2020-10-15,16195.8,0.024387642
2020-10-16,16223.7,0.001721187
2020-10-19,16112.2,-0.006896387
2020-10-20,16363.1,0.015452051
2020-10-21,16223.7,-0.008555664
2020-10-22,16502.5,0.017038748
2020-10-23,17227.2,0.042977645
2020-10-26,17171.5,-0.003238497
2020-10-27,17506,0.019292647
2020-10-28,16948.5,-0.032364345
2020-10-29,17060,0.006557208
2020-10-30,17032.1,-0.001636743
2020-11-02,17060,0.001636743
2020-11-03,17115.7,0.003259629
2020-11-04,17087.9,-0.00162556
2020-11-05,16864.9,-0.013136072
2020-11-06,16948.5,0.004944795
2020-11-09,17561.8,0.035546754
2020-11-10,17450.3,-0.006369248
2020-11-11,17450.3,0
2020-11-12,17533.9,0.004779309
2020-11-13,17812.6,0.015769922
2020-11-16,17979.9,0.009348395
2020-11-17,18593.2,0.033541455
2020-11-18,19290.1,0.036796088
2020-11-19,19624.6,0.01719187
2020-11-20,19903.3,0.014101666
2020-11-23,20906.9,0.049193701
2020-11-24,20906.9,0
2020-11-25,19847.6,-0.051996155
2020-11-26,19568.8,-0.014146632
2020-11-27,20210,0.03224107
2020-11-30,19791.8,-0.020909821
2020-12-01,19847.6,0.002815383
2020-12-02,19680.3,-0.008464958
2020-12-03,20544.5,0.04297513
2020-12-04,20600.2,0.002707519
2020-12-07,21297.1,0.033270129
2020-12-08,21408.6,0.005221797
2020-12-09,21464.4,0.002603038
2020-12-10,20962.6,-0.023655851
2020-12-11,21631.6,0.031415311
2020-12-14,21882.5,0.011532022
2020-12-15,21520.1,-0.016699849
2020-12-16,21631.6,0.005167826
2020-12-17,20990.5,-0.030085254
2020-12-18,21520.1,0.024917428
2020-12-21,21492.2,-0.001297304
2020-12-22,21938.3,0.020543889
2020-12-23,22300.6,0.016379616
2020-12-24,22272.8,-0.001247381
2020-12-25,22718.8,0.019826573
2020-12-28,23164.8,0.01944111
2020-12-29,23192.7,0.001203689
2020-12-30,22802.4,-0.01697178
2020-12-31,23109,0.013356358
2021-01-04,23582.9,0.020299721
2021-01-05,23610.8,0.001182361
2021-01-06,23861.7,0.010570429
2021-01-07,23861.7,0
2021-01-08,23833.8,-0.001169922
2021-01-11,24001.1,0.006994921
2021-01-12,25032.5,0.042075318
2021-01-13,24921,-0.004464159
2021-01-14,24781.6,-0.005609379
2021-01-15,24809.5,0.001125202
2021-01-18,24865.2,0.002242591
2021-01-19,23192.7,-0.069631662
2021-01-20,23248.4,0.002398738
2021-01-21,24642.2,0.058224108
2021-01-22,24335.6,-0.012520122
2021-01-25,24363.5,0.001145812
2021-01-26,23582.9,-0.032564238
2021-01-27,22467.9,-0.048434249
2021-01-28,20906.9,-0.072008376
2021-01-29,21826.8,0.043059325
2021-02-01,21380.7,-0.020649927
2021-02-02,22579.4,0.05454934
2021-02-03,23415.7,0.036368751
2021-02-04,23304.2,-0.004773136
2021-02-05,23694.4,0.016605131
2021-02-08,22802.4,-0.03837294
2021-02-09,23304.2,0.021767808
2021-02-17,24224.1,0.038714404
2021-02-18,24447.1,0.009163594
2021-02-19,24224.1,-0.009163594
2021-02-22,24196.2,-0.001152409
2021-02-23,24140.4,-0.00230881
2021-02-24,24307.7,0.006906387
2021-02-25,24614.3,0.012534402
2021-02-26,25422.7,0.032314901
2021-03-01,25757.2,0.013071724
2021-03-02,26036,0.010765996
2021-03-03,26091.8,0.002140893
2021-03-04,25590,-0.019419439
2021-03-05,25645.7,0.002174266
2021-03-08,25813,0.006502325
2021-03-09,25562.1,-0.009767455
2021-03-10,25422.7,-0.00546831
2021-03-11,25868.7,0.017391268
2021-03-12,25896.6,0.001077942
2021-03-15,25924.5,0.001076782
2021-03-16,25701.5,-0.008639112
2021-03-17,25813,0.004328885
2021-03-18,25980.2,0.006456468
2021-03-19,26286.9,0.011736007
2021-03-22,26063.9,-0.008519501
2021-03-23,25980.2,-0.003216506
2021-03-24,25339.1,-0.024986052
2021-03-25,25088.2,-0.009951041
2021-03-26,25757.2,0.026316584
2021-03-29,25813,0.002164041
2021-03-30,25896.6,0.003233445
2021-03-31,26091.8,0.007509403
2021-04-01,27039.5,0.035677671
2021-04-02,27346.2,0.01127882
2021-04-05,27485.5,0.005081013
2021-04-06,27541.3,0.002028103
2021-04-07,27569.2,0.001012511
2021-04-08,27513.4,-0.002026049
2021-04-09,27624.9,0.004044381
2021-04-12,28544.8,0.032757243
2021-04-13,27931.6,-0.021716119
2021-04-14,29548.4,0.056270932
2021-04-15,30384.6,0.027906304
2021-04-16,30440.4,0.001834772
2021-04-19,32224.4,0.056953256
2021-04-20,31889.9,-0.010434584
2021-04-22,30663.4,-0.039219584
2021-04-23,31443.9,0.025135245
2021-04-26,30719.1,-0.023320395
2021-04-27,31388.2,0.021547415
2021-04-28,31220.9,-0.005344284
2021-04-29,32391.7,0.036814475
2021-05-04,33339.5,0.028840663
2021-05-05,33060.7,-0.008397614
2021-05-06,33116.5,0.001686382
2021-05-07,33897,0.023294867
2021-05-10,35123.5,0.035543907
2021-05-11,34566,-0.015999882
2021-05-12,34956.3,0.01122817
2021-05-13,34287.2,-0.019326603
2021-05-14,34231.5,-0.001625834
2021-05-17,34510.2,0.00810866
2021-05-18,35346.5,0.023944445
2021-05-19,36851.8,0.041705087
2021-05-20,37130.6,0.007536963
2021-05-21,36573.1,-0.01512843
2021-05-24,36461.5,-0.003056088
2021-05-25,37576.6,0.030124607
2021-05-26,37799.6,0.005917004
2021-05-27,37242.1,-0.014858679
2021-05-28,37409.3,0.004479495
2021-05-31,39884.6,0.064070948
2021-06-01,42003.7,0.051767425
2021-06-02,40868.5,-0.027398114
2021-06-03,41095.5,0.005539031
2021-06-04,41246.9,0.003677332
2021-06-07,39884.6,-0.033585674
2021-06-08,37841.2,-0.052591828
2021-06-09,38068.3,0.005983459
2021-06-10,39052.1,0.025514737
2021-06-11,40187.4,0.028656862
2021-06-14,40565.8,0.009371833
2021-06-15,40263,-0.007492414
2021-06-16,39203.5,-0.026666905
2021-06-17,38900.8,-0.007751213
2021-06-18,39430.5,0.013524813
2021-06-21,38749.4,-0.017424357
2021-06-22,39127.8,0.00971794
2021-06-23,38900.8,-0.005818396
2021-06-24,38295.3,-0.015687643
2021-06-25,38371,0.001974793
2021-06-28,39657.6,0.032980641
2021-06-29,39203.5,-0.011516578
2021-06-30,38976.4,-0.005809694
2021-07-01,39960.3,0.024930126
2021-07-02,39581.9,-0.009514518
2021-07-05,38749.4,-0.021256671
2021-07-06,36327.6,-0.064537489
2021-07-07,37765.5,0.038818205
2021-07-08,37084.4,-0.018199591
2021-07-09,35797.8,-0.035309957
2021-07-12,34019.2,-0.050961368
2021-07-13,34435.5,0.012162938
2021-07-14,34057.1,-0.011049481
2021-07-15,35192.3,0.032788781
2021-07-16,35381.5,0.005361776
2021-07-19,33527.3,-0.053829052
2021-07-20,35797.8,0.065526407
2021-07-21,35381.5,-0.011697354
2021-07-22,35722.1,0.00958046
2021-07-23,34662.5,-0.030111134
2021-07-26,34511.2,-0.004374502
2021-07-27,34965.3,0.013072232
2021-07-28,35343.7,0.010764018
2021-07-29,35646.4,0.008528001
2021-07-30,35797.8,0.004238279
2021-08-02,35759.9,-0.001059285
2021-08-03,35759.9,0
2021-08-04,35949.1,0.005276895
2021-08-05,36933,0.027001411
2021-08-06,36630.3,-0.008229694
2021-08-09,37614.2,0.026505872
2021-08-10,37387.1,-0.006055914
2021-08-11,37046.5,-0.009151845
2021-08-12,36630.3,-0.011298114
2021-08-13,36819.5,0.005151829
2021-08-16,37425,0.016311334
2021-08-17,38143.9,0.019026919
2021-08-18,38143.9,0
2021-08-19,38522.3,0.009871445
2021-08-20,37084.4,-0.038040898
2021-08-23,35949.1,-0.031092347
2021-08-24,36138.3,0.005249196
2021-08-25,36630.3,0.013522522
2021-08-26,36100.5,-0.014569051
2021-08-27,36024.8,-0.002099125
2021-08-30,36857.3,0.022846109
2021-08-31,37311.4,0.012245211
2021-09-01,37235.7,-0.002030931
2021-09-06,38749.4,0.039847293
2021-09-07,38371,-0.009813306
2021-09-08,38825.1,0.011764979
2021-09-09,39279.2,0.011628172
2021-09-10,38976.4,-0.007738782
2021-09-13,38446.7,-0.013683468
2021-09-14,38068.3,-0.009890952
2021-09-15,39052.1,0.025514737
2021-09-16,38825.1,-0.005829707
2021-09-17,39203.5,0.009699084
2021-09-20,38825.1,-0.009699084
2021-09-21,38446.7,-0.009794078
2021-09-22,38522.3,0.001964428
2021-09-23,38598,0.001963167
2021-09-24,38446.7,-0.003927595
2021-09-27,38446.7,0
2021-09-28,39808.9,0.034817639
2021-09-29,40338.7,0.013220801
2021-09-30,40036,-0.007532257
2021-10-01,40414.4,0.009407108
2021-10-04,42003.7,0.038571553
2021-10-05,41852.4,-0.003608567
2021-10-06,42457.8,0.014361498
2021-10-07,42079.4,-0.008952332
2021-10-08,42155.1,0.001797364
2021-10-11,43290.3,0.026572918
2021-10-12,43139,-0.003501131
2021-10-13,42987.6,-0.003515758
2021-10-14,42987.6,0
2021-10-15,43366,0.008764022
2021-10-18,43820.1,0.010416892
2021-10-19,43290.3,-0.012164025
2021-10-20,43063.3,-0.005257465
2021-10-21,43290.3,0.005257465
2021-10-22,42911.9,-0.008779415
2021-10-25,41701,-0.028624067
2021-10-26,42609.2,0.021545083
2021-10-27,43820.1,0.028022424
2021-10-28,43895.8,0.001726027
2021-10-29,43214.7,-0.015637928
2021-11-01,42155.1,-0.024825042
2021-11-02,42003.7,-0.003597964
2021-11-03,42079.4,0.0018006
2021-11-04,42609.2,0.012511883
2021-11-05,42836.2,0.005313347
2021-11-08,42987.6,0.003528163
2021-11-09,42760.6,-0.005294584
2021-11-10,41852.4,-0.021467975
2021-11-11,40868.5,-0.023789548
2021-11-12,41322.6,0.011049971
2021-11-15,40565.8,-0.018484219
2021-11-16,39354.9,-0.030304856
2021-11-17,38900.8,-0.011605675
2021-11-18,37803.4,-0.02861577
2021-11-19,36327.6,-0.039821263
2021-11-22,36819.5,0.013449813
2021-11-23,37500.6,0.018329337
2021-11-24,36819.5,-0.018329337
2021-11-25,37273.6,0.012257705
2021-11-26,37122.2,-0.004070128
2021-11-29,36630.3,-0.013339407
2021-11-30,37046.5,0.011298114
2021-12-01,37084.4,0.001022516
2021-12-02,36781.6,-0.008198676
2021-12-03,36100.5,-0.018691004
2021-12-06,34624.7,-0.041739415
2021-12-07,36024.8,0.03964029
2021-12-08,35722.1,-0.008438045
2021-12-09,35646.4,-0.002121385
2021-12-10,35192.3,-0.012820851
2021-12-13,35230.2,0.001076361
2021-12-14,36100.5,0.024403046
2021-12-15,36176.2,0.002094728
2021-12-16,35949.1,-0.006297395
2021-12-17,35343.7,-0.01698389
2021-12-20,35495,0.004271683
2021-12-21,34889.6,-0.017203051
2021-12-22,34132.8,-0.021929992
2021-12-23,34019.2,-0.003333728
2021-12-24,34851.7,0.024176845
2021-12-27,34738.2,-0.003261971
2021-12-28,34662.5,-0.002181535
2021-12-29,34662.5,0
2021-12-30,34586.9,-0.002183413
2021-12-31,35116.6,0.015198955
2022-01-04,35381.5,0.007515132
2022-01-05,35419.4,0.001070608
2022-01-06,34889.6,-0.015070902
2022-01-07,34662.5,-0.00653038
2022-01-10,34549,-0.003279805
2022-01-11,34132.8,-0.012119807
2022-01-12,34965.3,0.024097342
2022-01-13,35343.7,0.010764018
2022-01-14,35003.1,-0.00968353
2022-01-17,33830,-0.034088646
2022-01-18,33300.3,-0.015781577
2022-01-19,32921.8,-0.011431354
2022-01-20,33300.3,0.011431354
2022-01-21,32770.5,-0.016037686
2022-01-24,30802.7,-0.061926372
2022-01-25,32732.6,0.060769175
2022-01-26,32884,0.004614694
2022-01-27,31900.1,-0.030377073
2022-01-28,31938,0.001187379
2022-02-07,32581.3,0.019941981
2022-02-08,34473.3,0.056446607
2022-02-09,35797.8,0.037701328
2022-02-10,35570.7,-0.006364174
2022-02-11,35684.3,0.003188551
2022-02-14,34965.3,-0.020354675
2022-02-15,34813.9,-0.004339409
2022-02-16,34813.9,0
2022-02-17,35192.3,0.010810576
2022-02-18,35608.6,0.011759873
2022-02-21,35305.8,-0.008539925
2022-02-22,35116.6,-0.005373303
2022-02-23,35343.7,0.006446205
2022-02-24,34813.9,-0.015103426
2022-02-25,34738.2,-0.002176786
2022-02-28,35722.1,0.027929599
2022-03-01,35495,-0.006377703
2022-03-02,35495,0
2022-03-03,37916.9,0.066005081
2022-03-04,37689.8,-0.006007422
2022-03-07,38673.7,0.025770282
2022-03-08,37425,-0.032820852
2022-03-09,37727.7,0.008055642
2022-03-10,37197.9,-0.014142265
2022-03-11,36024.8,-0.032044718
2022-03-14,34662.5,-0.038549179
2022-03-15,34927.4,0.007613211
2022-03-16,34965.3,0.00108452
2022-03-17,34776.1,-0.005425772
2022-03-18,35192.3,0.011896939
2022-03-21,35457.2,0.007499027
2022-03-22,35495,0.001065506
2022-03-23,35419.4,-0.002132149
2022-03-24,35116.6,-0.008585739
2022-03-25,35116.6,0
2022-03-28,34738.2,-0.010834007
2022-03-29,34700.4,-0.001088732
2022-03-30,34435.5,-0.007663205
2022-03-31,34132.8,-0.00882921
2022-04-01,34586.9,0.013216199
2022-04-04,34700.4,0.003276217
2022-04-05,34889.6,0.005437576
2022-04-06,35759.9,0.024638363
2022-04-07,35230.2,-0.014923485
2022-04-08,35116.6,-0.003229716
2022-04-12,34132.8,-0.028415154
2022-04-13,34208.4,0.002212429
2022-04-14,33981.4,-0.006657912
2022-04-15,33451.6,-0.015713698
2022-04-18,32278.5,-0.035698244
2022-04-19,32770.5,0.015127347
2022-04-20,32694.8,-0.002312677
2022-04-21,32808.3,0.003465488
2022-04-22,33148.9,0.010328001
2022-04-25,30840.6,-0.07217753
2022-04-26,31181.2,0.010983345
2022-04-27,29241,-0.064243515
2022-04-28,29654,0.01402519
2022-04-29,29791,0.004609311
2022-05-04,28897,-0.030468551
2022-05-05,28931,0.001175901
2022-05-06,28759,-0.005962923
2022-05-09,27486,-0.045273978
2022-05-10,28278,0.028407333
2022-05-11,27968,-0.011023118
2022-05-12,26317,-0.060845881
2022-05-13,24700,-0.063411875
2022-05-16,24975,0.011072081
2022-05-17,26282,0.05100897
2022-05-18,26282,0
2022-05-19,26076,-0.007868943
2022-05-20,25904,-0.006617954
2022-05-23,25285,-0.024186062
2022-05-24,24012,-0.051657629
2022-05-25,23702,-0.012994273
2022-05-26,24081,0.015863715
2022-05-27,24390,0.012750064
2022-05-30,24390,0
2022-05-31,23874,-0.021383212
2022-06-01,23634,-0.010103647
2022-06-02,22808,-0.035575002
2022-06-03,22980,0.007512921
2022-06-06,22911,-0.003007128
2022-06-07,22842,-0.003016198
2022-06-08,22636,-0.009059387
2022-06-09,23255,0.026978603
2022-06-10,23118,-0.005908628
2022-06-13,21879,-0.055084262
2022-06-14,20847,-0.04831722
2022-06-15,20228,-0.03014227
2022-06-16,21329,0.052999866
2022-06-17,21091,-0.01122124
2022-06-20,19636,-0.071481793
2022-06-21,18909,-0.037726617
2022-06-22,19545,0.0330815
2022-06-23,19818,0.013871116
2022-06-24,19818,0
2022-06-27,20818,0.049227381
2022-06-28,20455,-0.017590646
2022-06-29,20682,0.011036405
2022-06-30,20273,-0.019973805
2022-07-01,20364,0.004478685
2022-07-04,20000,-0.018036362
2022-07-05,19909,-0.004560383
2022-07-06,19500,-0.020757425
2022-07-07,19773,0.013902905
2022-07-08,20409,0.031658609
2022-07-11,20045,-0.017996234
2022-07-12,20273,0.011310205
2022-07-13,20273,0
2022-07-14,20182,-0.004498833
2022-07-15,21091,0.044055291
2022-07-18,20545,-0.026228807
2022-07-19,20136,-0.020108345
2022-07-20,20318,0.008997935
2022-07-21,20636,0.015529931
2022-07-22,20182,-0.022246005
2022-07-25,19909,-0.013619227
2022-07-26,19682,-0.011467378
2022-07-27,19318,-0.018667209
2022-07-28,19455,0.007066803
2022-07-29,19545,0.004615393
2022-08-01,20727,0.058717699
2022-08-02,20818,0.004380799
2022-08-03,21591,0.036458564
2022-08-04,21500,-0.004223626
2022-08-05,21182,-0.014901171
2022-08-08,21455,0.012805954
2022-08-09,21909,0.020939793
2022-08-10,21636,-0.012538917
2022-08-11,21273,-0.016919931
2022-08-12,21773,0.023232007
2022-08-15,21818,0.002064647
2022-08-16,22318,0.022658211
2022-08-17,22091,-0.010223242
2022-08-18,21955,-0.006175382
2022-08-19,21591,-0.016718343
2022-08-22,21227,-0.017002605
2022-08-23,21500,0.012778979
2022-08-24,21364,-0.006345673
2022-08-25,21682,0.014775161
2022-08-26,21364,-0.014775161
2022-08-29,20909,-0.021527574
2022-08-30,20955,0.002197593
2022-08-31,20909,-0.002197593
2022-09-05,21727,0.038376038
2022-09-06,21409,-0.014744332
2022-09-07,20909,-0.023631706
2022-09-08,21000,0.004342749
2022-09-09,21636,0.029836156
2022-09-12,21636,0
2022-09-13,21545,-0.004214823
2022-09-14,21545,0
2022-09-15,21455,-0.004186053
2022-09-16,20909,-0.02577803
2022-09-19,20591,-0.015325601
2022-09-20,20909,0.015325601
2022-09-21,20818,-0.004361691
2022-09-22,20909,0.004361691
2022-09-23,20636,-0.013142565
2022-09-26,20364,-0.013268487
2022-09-27,20364,0
2022-09-28,19818,-0.02717802
2022-09-29,19682,-0.006886103
2022-09-30,19273,-0.02099936
2022-10-03,17955,-0.070836525
2022-10-04,17136,-0.046687114
2022-10-05,17455,0.018444627
2022-10-06,16364,-0.06454234
2022-10-07,16000,-0.022495078
2022-10-10,16682,0.041741572
2022-10-11,15909,-0.047445307
2022-10-12,17000,0.066328357
2022-10-13,17727,0.041875557
2022-10-14,17682,-0.002541728
2022-10-17,17500,-0.010346292
2022-10-18,17136,-0.021019367
2022-10-19,16727,-0.024157333
2022-10-20,16455,-0.016394798
2022-10-21,15364,-0.068602272
2022-10-24,14909,-0.030062053
2022-10-25,15545,0.041773986
2022-10-26,15364,-0.011711933
2022-10-27,15818,0.029121422
2022-10-28,15273,-0.035061969
2022-10-31,14227,-0.070944996
2022-11-01,13636,-0.042428213
2022-11-02,13955,0.023124513
2022-11-03,13818,-0.009865777
2022-11-04,13318,-0.036855586
2022-11-07,12455,-0.066994355
2022-11-08,11955,-0.040972548
2022-11-09,11818,-0.011525808
2022-11-10,11000,-0.07172852
2022-11-11,11182,0.01641007
2022-11-14,11091,-0.008171374
2022-11-15,11364,0.024316495
2022-11-16,12136,0.065725778
2022-11-17,12955,0.065305572
2022-11-18,13727,0.057882882
2022-11-21,13591,-0.009956887
2022-11-22,13455,-0.010057025
2022-11-23,12545,-0.070028604
2022-11-24,13045,0.039082739
2022-11-25,13909,0.064131194
2022-11-28,14864,0.066406069
2022-11-29,15818,0.06220635
2022-11-30,16727,0.055875648
2022-12-01,16545,-0.010940239
2022-12-02,17682,0.066463232
2022-12-05,18182,0.027884921
2022-12-06,16909,-0.072586069
2022-12-07,16591,-0.018985645
2022-12-08,17182,0.035001945
2022-12-09,17455,0.015763816
2022-12-12,16909,-0.031780116
2022-12-13,17273,0.021298564
2022-12-14,17455,0.010481552
2022-12-15,17591,0.007761267
2022-12-16,18545,0.052812803
2022-12-19,18182,-0.019768117
2022-12-20,17273,-0.051287505
2022-12-21,17182,-0.005282264
2022-12-22,17182,0
2022-12-23,16682,-0.02953203
2022-12-26,15545,-0.07059125
2022-12-27,16591,0.065121336
2022-12-28,16545,-0.002776438
2022-12-29,16364,-0.011000141
2022-12-30,16364,0
2023-01-03,17500,0.067117081
2023-01-04,17636,0.007741387
2023-01-05,18000,0.02042949
2023-01-06,17636,-0.02042949
2023-01-09,17818,0.010266915
2023-01-10,18000,0.010162576
2023-01-11,18364,0.020020468
2023-01-12,18227,-0.007488215
2023-01-13,18136,-0.005005098
2023-01-16,18409,0.014940762
2023-01-17,19682,0.066864837
2023-01-18,19727,0.002283743
2023-01-19,19227,-0.025672715
2023-01-27,19545,0.016403958
2023-01-30,19773,0.011597871
2023-01-31,20091,0.015954583
2023-02-01,19182,-0.046299614
2023-02-02,19364,0.009443333
2023-02-03,19182,-0.009443333
2023-02-06,19227,0.002343202
2023-02-07,17955,-0.068446914
2023-02-08,18955,0.054199121
2023-02-09,18727,-0.012101416
2023-02-10,18636,-0.004871139
2023-02-13,18364,-0.014702968
2023-02-14,18727,0.019574106
2023-02-15,18909,0.009671666
2023-02-16,19364,0.023777673
2023-02-17,19091,-0.014198652
2023-02-20,19909,0.041954871
2023-02-21,19636,-0.013807275
2023-02-22,19273,-0.018659463
2023-02-23,19545,0.014014347
2023-02-24,18909,-0.0330815
2023-02-27,18273,-0.034213439
2023-02-28,18182,-0.004992467
2023-03-01,19000,0.044006885
2023-03-02,18727,-0.014472646
2023-03-03,18500,-0.012195601
2023-03-06,18545,0.002429479
2023-03-07,19182,0.033772128
2023-03-08,19273,0.004732813
2023-03-09,19273,0
2023-03-10,19364,0.004710519
2023-03-13,19182,-0.009443333
2023-03-14,18455,-0.038637003
2023-03-15,19364,0.048080336
2023-03-16,18955,-0.021347923
2023-03-17,18545,-0.021867538
2023-03-20,18182,-0.019768117
2023-03-21,18591,0.022245499
2023-03-22,18455,-0.007342256
2023-03-23,18545,0.004864874
2023-03-24,18545,0
2023-03-27,18909,0.019437788
2023-03-28,18818,-0.004824141
2023-03-29,18909,0.004824141
2023-03-30,18909,0
2023-03-31,18909,0
2023-04-03,19091,0.009579021
2023-04-04,19182,0.004755319
2023-04-05,19545,0.01874716
2023-04-06,19545,0
2023-04-07,19273,-0.014014347
2023-04-10,18818,-0.023891294
2023-04-11,18909,0.004824141
2023-04-12,18864,-0.002382655
2023-04-13,18591,-0.014577751
2023-04-14,18773,0.009742075
2023-04-17,18955,0.009648082
2023-04-18,19045,0.004736851
2023-04-19,18909,-0.007166601
2023-04-20,18909,0
2023-04-21,18818,-0.004824141
2023-04-24,18773,-0.002394191
2023-04-25,19136,0.01915171
2023-04-26,20000,0.044160896
2023-04-27,19727,-0.013744018
2023-04-28,19682,-0.002283743
2023-05-04,19364,-0.01628884
2023-05-05,19500,0.006998793
2023-05-08,19636,0.006950151
2023-05-09,19818,0.009225999
2023-05-10,19727,-0.00460236
2023-05-11,19773,0.002329115
2023-05-12,20318,0.027189822
2023-05-15,20091,-0.011235239
2023-05-16,20000,-0.00453968
2023-05-17,19818,-0.009141658
2023-05-18,19955,0.006889123
2023-05-19,19818,-0.006889123
2023-05-22,19909,0.004581275
2023-05-23,19727,-0.009183635
2023-05-24,19364,-0.018572584
2023-05-25,19273,-0.004710519
2023-05-26,19182,-0.004732813
2023-05-29,19500,0.016442126
2023-05-30,19409,-0.00467759
2023-05-31,19273,-0.007031723
2023-06-01,19455,0.009398954
2023-06-02,19636,0.00926051
2023-06-05,19682,0.002339896
2023-06-06,19773,0.004612858
2023-06-07,20545,0.038300232
2023-06-08,20727,0.008819596
2023-06-09,20818,0.004380799
2023-06-12,20864,0.002207189
2023-06-13,21273,0.019413477
2023-06-14,21000,-0.012916225
2023-06-15,21045,0.002140564
2023-06-16,21318,0.012888784
2023-06-19,21227,-0.00427783
2023-06-20,21500,0.012778979
2023-06-21,22364,0.039399588
2023-06-22,22591,0.010099074
2023-06-23,23091,0.021891334
2023-06-26,22909,-0.007913085
2023-06-27,23455,0.023553845
2023-06-28,24182,0.030524863
2023-06-29,23455,-0.030524863
2023-06-30,23773,0.013466791
2023-07-03,23818,0.001891114
2023-07-04,23864,0.00192945
2023-07-05,24500,0.02630207
2023-07-06,24545,0.00183505
2023-07-07,24955,0.016566035
2023-07-10,25182,0.009055251
2023-07-11,24818,-0.014560257
2023-07-12,24545,-0.011061029
2023-07-13,24591,0.001872355
2023-07-14,25000,0.016495303
2023-07-17,24818,-0.007306629
2023-07-18,24727,-0.003673432
2023-07-19,24909,0.00733342
2023-07-20,25636,0.02876843
2023-07-21,25818,0.007074309
2023-07-24,25682,-0.005281566
2023-07-25,25682,0
2023-07-26,25818,0.005281566
2023-07-27,25818,0
2023-07-28,25727,-0.003530899
2023-07-31,25636,-0.00354341
2023-08-01,25000,-0.025121789
2023-08-02,25000,0
2023-08-03,24409,-0.023923908
2023-08-04,24864,0.018469057
2023-08-07,25045,0.007253233
2023-08-08,24727,-0.012778443
2023-08-09,25273,0.021840868
2023-08-10,24864,-0.016315658
2023-08-11,25182,0.012708479
2023-08-14,25591,0.016111274
2023-08-15,25409,-0.007137285
2023-08-16,25409,0
2023-08-17,25545,0.005338161
2023-08-18,24091,-0.058603276
2023-08-21,23818,-0.011396729
2023-08-22,23773,-0.001891114
2023-08-23,23318,-0.019324888
2023-08-24,23909,0.025029363
2023-08-25,23591,-0.013389674
2023-08-28,24409,0.034086633
2023-08-29,24545,0.005556251
2023-08-30,24727,0.007387597
2023-08-31,25091,0.014613452
2023-09-05,25273,0.007227416
2023-09-06,26364,0.042262811
2023-09-07,26045,-0.012173632
2023-09-08,26136,0.003487863
2023-09-11,25455,-0.026401487
2023-09-12,26136,0.026401487
2023-09-13,25818,-0.012241751
2023-09-14,25273,-0.021335291
2023-09-15,25091,-0.007227416
2023-09-18,25091,0
2023-09-19,25591,0.019731511
2023-09-20,25818,0.008831196
2023-09-21,25818,0
2023-09-22,24818,-0.039502727
2023-09-25,23636,-0.048798223
2023-09-26,23818,0.007670624
2023-09-27,24091,0.011396729
2023-09-28,24182,0.003770228
2023-09-29,23909,-0.011353598
2023-10-02,23818,-0.00381336
2023-10-03,22545,-0.054928285
2023-10-04,22955,0.018022466
2023-10-05,22636,-0.013994218
2023-10-06,22682,0.002030099
2023-10-09,23182,0.021804457
2023-10-10,23636,0.019394858
2023-10-11,23818,0.007670624
2023-10-12,23455,-0.015357906
2023-10-13,23409,-0.001963128
2023-10-16,22727,-0.029566919
2023-10-17,22545,-0.008040333
2023-10-18,21818,-0.032777995
2023-10-19,21545,-0.012591546
2023-10-20,22136,0.027061471
2023-10-23,21818,-0.014469925
2023-10-24,21818,0
2023-10-25,21864,0.002106131
2023-10-26,20727,-0.05340425
2023-10-27,21227,0.023836758
2023-10-30,20909,-0.015094268
2023-10-31,20909,0
2023-11-01,21773,0.040490982
2023-11-02,22955,0.052865108
2023-11-03,22818,-0.00598608
2023-11-06,23409,0.025570866
2023-11-07,23455,0.001963128
2023-11-08,24500,0.043589426
2023-11-09,24273,-0.009308496
2023-11-10,24091,-0.007526295
2023-11-13,24727,0.026057437
2023-11-14,24545,-0.007387597
2023-11-15,24545,0
2023-11-16,24727,0.007387597
2023-11-17,24091,-0.026057437
2023-11-20,24227,0.005629387
2023-11-21,24591,0.014912809
2023-11-22,24727,0.005515242
2023-11-23,23500,-0.050895343
2023-11-24,24000,0.021053409
2023-11-27,23909,-0.003798873
2023-11-28,24273,0.015109664
2023-11-29,24545,0.011143546
2023-11-30,24136,-0.016803666
2023-12-01,24455,0.013130192
2023-12-04,25000,0.022041131
2023-12-05,24773,-0.009121474
2023-12-06,25091,0.012754866
2023-12-07,25091,0
2023-12-08,25182,0.003620237
2023-12-11,25000,-0.007253629
2023-12-12,25409,0.016227617
2023-12-13,24864,-0.021682468
2023-12-14,24591,-0.011040452
2023-12-15,24364,-0.009273889
2023-12-18,24182,-0.007498078
2023-12-19,24727,0.022287209
2023-12-20,24727,0
2023-12-21,24727,0
2023-12-22,24591,-0.005515242
2023-12-25,24955,0.014693681
2023-12-26,25273,0.012662429
2023-12-27,25227,-0.001821783
2023-12-28,25409,0.007188592
2023-12-29,25409,0
2024-01-02,24955,-0.018029239
2024-01-03,25273,0.012662429
2024-01-04,25227,-0.001821783
2024-01-05,25273,0.001821783
2024-01-08,25318,0.001778973
2024-01-09,25182,-0.005386152
2024-01-10,24864,-0.012708479
2024-01-11,25000,0.005454851
2024-01-12,24682,-0.012801592
2024-01-15,24636,-0.001865445
2024-01-16,25273,0.025527844
2024-01-17,25136,-0.005435551
2024-01-18,25136,0
2024-01-19,25273,0.005435551
2024-01-22,25727,0.017804392
2024-01-23,25773,0.001786408
2024-01-24,25682,-0.003537075
2024-01-25,25682,0
2024-01-26,25773,0.003537075
2024-01-29,25455,-0.012415245
2024-01-30,25455,0
2024-01-31,25227,-0.008997338
2024-02-01,25318,0.003600756
2024-02-02,25364,0.001815241
2024-02-05,25455,0.003581342
2024-02-06,25500,0.001766265
2024-02-07,25591,0.003562275
2024-02-15,26091,0.0193497
2024-02-16,26000,-0.003493889
2024-02-19,26545,0.020744868
2024-02-20,26545,0
2024-02-21,26182,-0.013769254
2024-02-22,25955,-0.008707882
2024-02-23,25818,-0.005292346
2024-02-26,26182,0.014000229
2024-02-27,27591,0.052417481
2024-02-28,27818,0.008193661
2024-02-29,28182,0.013000183
2024-03-01,28045,-0.004873113
2024-03-04,28000,-0.001605853
2024-03-05,28318,0.011293135
2024-03-06,28000,-0.011293135
2024-03-07,28182,0.006478966
2024-03-08,27545,-0.022862445
2024-03-11,27182,-0.013266041
2024-03-12,27455,0.009993311
2024-03-13,28000,0.019656209
2024-03-14,27591,-0.014714878
2024-03-15,27364,-0.008261352
2024-03-18,26909,-0.016767478
2024-03-19,27091,0.006740766
2024-03-20,27273,0.006695632
2024-03-21,27500,0.008288803
2024-03-22,27773,0.009878321
2024-03-25,27455,-0.011516025
2024-03-26,27773,0.011516025
2024-03-27,27818,0.001618967
2024-03-28,27773,-0.001618967
2024-03-29,27500,-0.009878321
2024-04-01,27364,-0.004957724
2024-04-02,27636,0.00989099
2024-04-03,27227,-0.014910143
2024-04-04,26909,-0.011748325
2024-04-05,26773,-0.005066886
2024-04-08,26909,0.005066886
2024-04-09,27182,0.010094186
2024-04-10,26955,-0.008386181
2024-04-11,27182,0.008386181
2024-04-12,27227,0.001654138
2024-04-15,25909,-0.049618729
2024-04-16,25773,-0.005262966
2024-04-17,25455,-0.012415245
2024-04-19,25273,-0.007175555
2024-04-22,25455,0.007175555
2024-04-23,25091,-0.014402971
2024-04-24,26182,0.042562936
2024-04-25,25955,-0.008707882
2024-04-26,25818,-0.005292346
2024-05-02,25773,-0.001744491
2024-05-03,26045,0.010498379
2024-05-06,26636,0.022437873
2024-05-07,27409,0.028607742
2024-05-08,27909,0.018077791
2024-05-09,27682,-0.008166835
2024-05-10,27682,0
2024-05-13,27455,-0.008234082
2024-05-14,27455,0
2024-05-15,28364,0.032572435
2024-05-16,28727,0.012716712
2024-05-17,28727,0
2024-05-20,29091,0.012591401
2024-05-21,28955,-0.004685947
2024-05-22,28455,-0.017419009
2024-05-23,29500,0.036066371
2024-05-24,28900,-0.020548668
2024-05-27,28900,0
2024-05-28,29150,0.008613318
2024-05-29,28600,-0.019048195
2024-05-30,28250,-0.01231326
2024-05-31,28600,0.01231326
2024-06-03,29000,0.013889112
2024-06-04,29300,0.010291686
2024-06-05,29250,-0.001707942
2024-06-06,29300,0.001707942
2024-06-07,29300,0
2024-06-10,29300,0
2024-06-11,29100,-0.006849342
2024-06-12,29600,0.017036187
2024-06-13,29500,-0.003384098
2024-06-14,29100,-0.013652089
2024-06-17,29450,0.011955736
2024-06-18,29400,-0.001699236
2024-06-19,29350,-0.001702128
2024-06-20,29350,0
2024-06-21,29050,-0.010274063
2024-06-24,28700,-0.012121361
2024-06-25,28700,0
2024-06-26,28900,0.006944472
2024-06-27,28850,-0.001731602
2024-06-28,28300,-0.019248188
2024-07-01,28350,0.001765226
2024-07-02,28700,0.012270093
2024-07-03,28750,0.001740644
2024-07-04,28700,-0.001740644
2024-07-05,28650,-0.00174368
2024-07-08,28800,0.005221944
2024-07-09,29000,0.006920443
2024-07-10,28950,-0.001725626
2024-07-11,28850,-0.003460211
2024-07-12,28500,-0.012205906
2024-07-15,28450,-0.001755927
2024-07-16,28450,0
2024-07-17,28200,-0.008826183
2024-07-18,28400,0.007067167
2024-07-19,28200,-0.007067167
2024-07-22,28050,-0.005333346
2024-07-23,27800,-0.008952611
2024-07-24,27700,-0.003603608
2024-07-25,27350,-0.012715884
2024-07-26,27450,0.003649639
2024-07-29,27900,0.016260521
2024-07-30,27900,0
2024-07-31,27200,-0.025409716
2024-08-01,26700,-0.018553408
2024-08-02,27250,0.020389956
2024-08-05,25950,-0.048881911
2024-08-06,26300,0.01339733
2024-08-07,26050,-0.009551171
2024-08-08,25600,-0.017425417
2024-08-09,26050,0.017425417
2024-08-12,25850,-0.007707167
2024-08-13,25400,-0.017561427
2024-08-14,25450,0.001966569
2024-08-15,25200,-0.009871748
2024-08-16,25600,0.015748357
2024-08-19,25850,0.009718249
2024-08-20,25800,-0.001936109
2024-08-21,26150,0.013474699
2024-08-22,25750,-0.015414563
2024-08-23,26050,0.011583141
2024-08-26,26000,-0.00192123
2024-08-27,25750,-0.009661911
2024-08-28,25700,-0.001943635
2024-08-29,25600,-0.00389864
2024-08-30,25500,-0.003913899
2024-09-04,25250,-0.009852296
2024-09-05,25050,-0.007952328
2024-09-06,25400,0.013875346
2024-09-09,25600,0.007843177
2024-09-10,25150,-0.017734455
2024-09-11,25350,0.007920833
2024-09-12,25100,-0.009910884
2024-09-13,25000,-0.003992021
2024-09-16,24850,-0.006018072
2024-09-17,25250,0.015968403
2024-09-18,25100,-0.00595831
2024-09-19,25250,0.00595831
2024-09-20,25650,0.015717416
2024-09-23,25700,0.00194742
2024-09-24,25850,0.005819609
2024-09-25,26200,0.01344881
2024-09-26,26050,-0.005741643
2024-09-27,26050,0
2024-09-30,26350,0.011450507
2024-10-01,26750,0.015066198
2024-10-02,26300,-0.016965534
2024-10-03,26200,-0.003809528
2024-10-04,26200,0
2024-10-07,26400,0.007604599
2024-10-08,26950,0.020619287
2024-10-09,27500,0.020202707
2024-10-10,27250,-0.009132484
2024-10-11,27300,0.001833181
2024-10-14,27050,-0.009199697
2024-10-15,27150,0.003690041
2024-10-16,27100,-0.001843318
2024-10-17,27250,0.005519793
2024-10-18,26950,-0.011070224
2024-10-21,26750,-0.007448824
2024-10-22,26650,-0.003745323
2024-10-23,26450,-0.007532992
2024-10-24,26450,0
2024-10-25,26450,0
2024-10-28,26750,0.011278315
2024-10-29,27050,0.011152532
2024-10-30,27000,-0.001850139
2024-10-31,26900,-0.003710579
2024-11-01,26550,-0.013096539
2024-11-04,26300,-0.009460809
2024-11-05,26500,0.007575794
2024-11-06,26950,0.016838564
2024-11-07,26950,0
2024-11-08,27000,0.001853569
2024-11-11,27700,0.025595547
2024-11-12,27500,-0.007246409
2024-11-13,27050,-0.016498999
2024-11-14,26300,-0.028118066
2024-11-15,25900,-0.01532597
2024-11-18,25800,-0.003868477
2024-11-19,25450,-0.013658749
2024-11-20,25600,0.005876608
2024-11-21,25850,0.009718249
2024-11-22,26100,0.009624713
2024-11-25,26300,0.007633625
2024-11-26,26350,0.001899336
2024-11-27,26300,-0.001899336
2024-11-28,26400,0.003795071
2024-11-29,26750,0.013170463
2024-12-02,26900,0.005591813
2024-12-03,27000,0.003710579
2024-12-04,26700,-0.011173301
2024-12-05,27850,0.042169401
2024-12-06,27600,-0.009017194
2024-12-09,27650,0.001809955
2024-12-10,27900,0.009000961
2024-12-11,27750,-0.005390849
2024-12-12,27500,-0.009049836
2024-12-13,27200,-0.010969031
2024-12-16,27000,-0.007380107
2024-12-17,27000,0
2024-12-18,27350,0.012879663
2024-12-19,26850,-0.018450708
2024-12-20,26700,-0.005602256
2024-12-23,27000,0.011173301
2024-12-24,26700,-0.011173301
2024-12-25,27150,0.016713481
2024-12-26,27000,-0.00554018
2024-12-27,26850,-0.005571045
2024-12-30,26750,-0.003731348
2024-12-31,26650,-0.003745323
2025-01-02,27000,0.013047715
2025-01-03,26600,-0.01492565
2025-01-06,26050,-0.020893448
2025-01-07,26050,0
2025-01-08,26250,0.007648221
2025-01-09,26000,-0.009569451
2025-01-10,25550,-0.017459221
2025-01-13,25900,0.013605652
2025-01-14,25850,-0.001932368
2025-01-15,26200,0.01344881
2025-01-16,26300,0.003809528
2025-01-17,26500,0.007575794
2025-01-20,26450,-0.001888575
2025-01-21,26300,-0.005687219
2025-01-22,26150,-0.005719749
2025-01-23,26650,0.01893996
2025-01-24,26550,-0.003759403
2025-02-03,26400,-0.005665738
2025-02-04,26850,0.016901811
2025-02-05,26800,-0.001863933
2025-02-06,26800,0
2025-02-07,26650,-0.005612737
2025-02-10,25400,-0.048039977
2025-02-11,26100,0.02718614
2025-02-12,25850,-0.009624713
2025-02-13,25900,0.001932368
2025-02-14,26100,0.007692346
2025-02-17,26150,0.001913876
2025-02-18,26550,0.015180557
2025-02-19,26500,-0.001885015
2025-02-20,26550,0.001885015
2025-02-21,26450,-0.003773589
2025-02-24,27700,0.046176255
2025-02-25,27500,-0.007246409
2025-02-26,27750,0.009049836
2025-02-27,28450,0.02491232
2025-02-28,28000,-0.01594365
