Date,Price,Return
02/28/2025,"62,200.00",0
02/27/2025,"62,200.00",-0.01436577
02/26/2025,"63,100.00",0.003174606
02/25/2025,"62,900.00",-0.014207027
02/24/2025,"63,800.00",0.038343355
02/21/2025,"61,400.00",0.011466137
02/20/2025,"60,700.00",-0.001646091
02/19/2025,"60,800.00",0.008257685
02/18/2025,"60,300.00",0.004987542
02/17/2025,"60,000.00",-0.004987542
02/14/2025,"60,300.00",-0.006611594
02/13/2025,"60,700.00",-0.004930166
2/12/2025,"61,000.00",0.009884759
2/11/2025,"60,400.00",-0.003305788
2/10/2025,"60,600.00",-0.003294896
2/07/2025,"60,800.00",0.001646091
2/06/2025,"60,700.00",-0.013093477
2/05/2025,"61,500.00",0.021364822
2/04/2025,"60,200.00",-0.004971013
2/03/2025,"60,500.00",-0.027711635
01/24/2025,"62,200.00",0.003220615
01/23/2025,"62,000.00",0.006472515
01/22/2025,"61,600.00",-0.003241494
01/21/2025,"61,800.00",-0.001616815
01/20/2025,"61,900.00",-0.001614205
01/17/2025,"62,000.00",0.001614205
01/16/2025,"61,900.00",0.003236249
01/15/2025,"61,700.00",0.00162206
01/14/2025,"61,600.00",0.003252035
01/13/2025,"61,400.00",0.001629992
1/10/2025,"61,300.00",-0.008123522
1/09/2025,"61,800.00",0.001619434
1/08/2025,"61,700.00",0
1/07/2025,"61,700.00",-0.012882626
1/06/2025,"62,500.00",-0.00796817
1/03/2025,"63,000.00",-0.001586043
1/02/2025,"63,100.00",-0.004743092
12/31/2024,"63,400.00",0.001578532
12/30/2024,"63,300.00",-0.007867861
12/27/2024,"63,800.00",0
12/26/2024,"63,800.00",-0.001566171
12/25/2024,"63,900.00",0.001553632
12/24/2024,"63,800.80",-0.001553632
12/23/2024,"63,900.00",-0.009272992
12/20/2024,"64,495.30",0.017066979
12/19/2024,"63,403.90",-0.012442011
12/18/2024,"64,197.70",0.001547982
12/17/2024,"64,098.40",-0.00617295
12/16/2024,"64,495.30",0.012382673
12/13/2024,"63,701.60",-0.006209723
12/12/2024,"64,098.40",0.006209723
12/11/2024,"63,701.60",0.004684306
12/10/2024,"63,403.90",-0.003124259
12/09/2024,"63,602.30",0
12/06/2024,"63,602.30",-0.003116096
12/05/2024,"63,800.80",0.015675315
12/04/2024,"62,808.50",-0.009434959
12/03/2024,"63,403.90",-0.00934521
12/02/2024,"63,999.20",-0.001548819
11/29/2024,"64,098.40",0.001548819
11/28/2024,"63,999.20",-0.001548819
11/27/2024,"64,098.40",-0.003092016
11/26/2024,"64,296.90",0.007745689
11/25/2024,"63,800.80",0
11/22/2024,"63,800.80",0.006240356
11/21/2024,"63,403.90",0.004706352
11/20/2024,"63,106.20",0.00947808
11/19/2024,"62,510.90",-0.00316882
11/18/2024,"62,709.30",-0.007879979
11/15/2024,"63,205.40",-0.020202612
11/14/2024,"64,495.30",0
11/13/2024,"64,495.30",0.001539281
11/12/2024,"64,396.10",-0.004612298
11/11/2024,"64,693.80",-0.007639179
11/08/2024,"65,189.90",-0.003040324
11/07/2024,"65,388.40",0.001519772
11/06/2024,"65,289.10",0.004568608
11/05/2024,"64,991.50",-0.00152519
11/04/2024,"65,090.70",-0.003043419
11/01/2024,"65,289.10",-0.004549356
10/31/2024,"65,586.80",-0.003020433
10/30/2024,"65,785.20",-0.010503253
10/29/2024,"66,479.80",-0.002981421
10/28/2024,"66,678.30",-0.011833134
10/25/2024,"67,472.00",-0.005865206
10/24/2024,"67,868.90",0.016211706
10/23/2024,"66,777.50",0
10/22/2024,"66,777.50",0
10/21/2024,"66,777.50",-0.001484428
10/18/2024,"66,876.70",-0.002963753
10/17/2024,"67,075.20",0.001481525
10/16/2024,"66,975.90",0.010423538
10/15/2024,"66,281.40",-0.005970248
10/14/2024,"66,678.30",-0.00741266
10/11/2024,"67,174.40",0
10/10/2024,"67,174.40",-0.001475664
10/09/2024,"67,273.60",-0.005882453
10/08/2024,"67,670.50",0.016261127
10/07/2024,"66,579.00",-0.020650736
10/04/2024,"67,968.20",-0.025937685
10/03/2024,"69,754.20",0.002849764
10/02/2024,"69,555.70",0
10/01/2024,"69,555.70",0
09/30/2024,"69,555.70",-0.012758334
09/27/2024,"70,448.80",0.004234718
09/26/2024,"70,151.10",0.015681587
09/25/2024,"69,059.60",-0.010007734
09/24/2024,"69,754.20",-0.002130933
09/23/2024,"69,903.00",0.002747573
09/20/2024,"69,711.20",-0.008218753
09/19/2024,"70,286.50",0
09/18/2024,"70,286.50",-0.001363486
09/17/2024,"70,382.40",0.020647201
09/16/2024,"68,944.10",-0.013812535
09/13/2024,"69,903.00",-0.024391453
9/12/2024,"71,629.00",0.00133974
9/11/2024,"71,533.10",-0.004013848
9/10/2024,"71,820.80",0.00133616
9/09/2024,"71,724.90",-0.007988928
9/06/2024,"72,300.20",0.009326876
9/05/2024,"71,629.00",0.005369764
9/04/2024,"71,245.40",0.005397343
08/30/2024,"70,861.90",0.005428051
08/29/2024,"70,478.30",-0.005428051
08/28/2024,"70,861.90",0.005428051
08/27/2024,"70,478.30",0.001361629
08/26/2024,"70,382.40",-0.020230896
08/23/2024,"71,820.80",0.009390831
08/22/2024,"71,149.50",-0.014716304
08/21/2024,"72,204.30",-0.00397661
08/20/2024,"72,492.00",-0.005276295
08/19/2024,"72,875.50",0.029373846
08/16/2024,"70,766.00",0
08/15/2024,"70,766.00",-0.002706675
08/14/2024,"70,957.80",0.002706675
08/13/2024,"70,766.00",0.010899132
8/12/2024,"69,998.90",-0.004100219
8/09/2024,"70,286.50",0.008218753
8/08/2024,"69,711.20",-0.015017666
8/07/2024,"70,766.00",0.015017666
8/06/2024,"69,711.20",0.046454031
8/05/2024,"66,546.90",-0.029809605
8/02/2024,"68,560.50",0.016924676
8/01/2024,"67,409.90",-0.018322463
07/31/2024,"68,656.40",0.056007904
07/30/2024,"64,916.80",0.007413792
07/29/2024,"64,437.30",0.021052716
07/26/2024,"63,094.90",0.003044495
07/25/2024,"62,903.10",0
07/24/2024,"62,903.10",-0.004563274
07/23/2024,"63,190.80",0.007617066
07/22/2024,"62,711.30",0.0015304
07/19/2024,"62,615.40",-0.009147467
07/18/2024,"63,190.80",0.003039868
07/17/2024,"62,999.00",-0.006068945
07/16/2024,"63,382.50",-0.001511892
07/15/2024,"63,478.40",-0.00150961
7/12/2024,"63,574.30",0
7/11/2024,"63,574.30",-0.007514055
7/10/2024,"64,053.80",-0.01042417
7/09/2024,"64,725.00",-0.001480557
7/08/2024,"64,820.90",0.005935424
7/05/2024,"64,437.30",0.011976023
7/04/2024,"63,670.20",0.003016945
7/03/2024,"63,478.40",0
7/02/2024,"63,478.40",0.003026074
7/01/2024,"63,286.60",0.0076039
06/28/2024,"62,807.20",0.003058462
06/27/2024,"62,615.40",0.001532746
06/26/2024,"62,519.50",-0.004591209
06/25/2024,"62,807.20",0
06/24/2024,"62,807.20",-0.0076039
06/21/2024,"63,286.60",0
06/20/2024,"63,286.60",0.010662362
06/19/2024,"62,615.40",-0.009147467
06/18/2024,"63,190.80",-0.001514895
06/17/2024,"63,286.60",-0.003026074
06/14/2024,"63,478.40",-0.010518165
06/13/2024,"64,149.60",-0.001493827
6/12/2024,"64,245.50",0.007489981
6/11/2024,"63,766.10",-0.010470957
6/10/2024,"64,437.30",-0.008888439
6/07/2024,"65,012.60",0.008888439
6/06/2024,"64,437.30",-0.019161184
6/05/2024,"65,683.90",0.037180226
6/04/2024,"63,286.60",-0.001514182
6/03/2024,"63,382.50",0.010646143
05/31/2024,"62,711.30",-0.004577199
05/30/2024,"62,999.00",-0.009090447
05/29/2024,"63,574.30",-0.007514055
05/28/2024,"64,053.80",0.010535557
05/27/2024,"63,382.50",0.001514182
05/24/2024,"63,286.60",-0.015038066
05/23/2024,"64,245.50",0.01807174
05/22/2024,"63,094.90",-0.006059748
05/21/2024,"63,478.40",-0.003016945
05/20/2024,"63,670.20",-0.008995047
05/17/2024,"64,245.50",-0.002980976
05/16/2024,"64,437.30",0.002980976
05/15/2024,"64,245.50",0.007489981
05/14/2024,"63,766.10",0.010581759
05/13/2024,"63,094.90",-0.010581759
5/10/2024,"63,766.10",-0.001502804
5/09/2024,"63,862.00",-0.019330604
5/08/2024,"65,108.50",-0.001471842
5/07/2024,"65,204.40",0.032887009
5/06/2024,"63,094.90",0.003044495
5/03/2024,"62,903.10",0.003053792
5/02/2024,"62,711.30",0.0061341
04/26/2024,"62,327.80",0.004626604
04/25/2024,"62,040.10",0.010877758
04/24/2024,"61,368.90",0.007844088
04/23/2024,"60,889.40",-0.007844088
04/22/2024,"61,368.90",-0.003118863
04/19/2024,"61,560.60",0
04/17/2024,"61,560.60",0.003118863
04/16/2024,"61,368.90",-0.013964538
04/15/2024,"62,231.90",-0.027357324
4/12/2024,"63,957.90",0.001500549
4/11/2024,"63,862.00",-0.00299885
4/10/2024,"64,053.80",-0.002988327
4/09/2024,"64,245.50",0
4/08/2024,"64,245.50",-0.013343427
4/05/2024,"65,108.50",-0.004409044
4/04/2024,"65,396.20",0.022239098
4/03/2024,"63,957.90",-0.008954766
4/02/2024,"64,533.20",0.004468138
4/01/2024,"64,245.50",-0.0089164
03/29/2024,"64,820.90",-0.001478368
03/28/2024,"64,916.80",0
03/27/2024,"64,916.80",0
03/26/2024,"64,916.80",0.00592663
03/25/2024,"64,533.20",-0.007401277
03/22/2024,"65,012.60",-0.008811655
03/21/2024,"65,588.00",0.005865801
03/20/2024,"65,204.40",0.002945854
03/19/2024,"65,012.60",-0.001474012
03/18/2024,"65,108.50",-0.013167722
03/15/2024,"65,971.50",-0.011560666
03/14/2024,"66,738.60",-0.00424638
03/13/2024,"67,022.60",0.011363494
3/12/2024,"66,265.30",-0.004276645
3/11/2024,"66,549.30",0.004276645
3/08/2024,"66,265.30",-0.028170961
3/07/2024,"68,158.60",0.00278121
3/06/2024,"67,969.30",-0.016575296
3/05/2024,"69,105.30",0.013794086
3/04/2024,"68,158.60",0.00696832
3/01/2024,"67,685.30",-0.00696832
02/29/2024,"68,158.60",-0.002773496
02/28/2024,"68,347.90",0.002773496
02/27/2024,"68,158.60",0.013985539
02/26/2024,"67,212.00",0
02/23/2024,"67,212.00",-0.008415363
02/22/2024,"67,780.00",0.004198829
02/21/2024,"67,496.00",-0.002800685
02/20/2024,"67,685.30",-0.005579417
02/19/2024,"68,064.00",0.026782057
02/16/2024,"66,265.30",0.034886429
02/15/2024,"63,993.40",0
2/07/2024,"63,993.40",0
2/06/2024,"63,993.40",-0.005898803
2/05/2024,"64,372.00",0.008862872
2/02/2024,"63,804.00",-0.001483133
2/01/2024,"63,898.70",0.007434605
01/31/2024,"63,425.40",0.001494208
01/30/2024,"63,330.70",-0.001494208
01/29/2024,"63,425.40",0
01/26/2024,"63,425.40",0.001494208
01/25/2024,"63,330.70",-0.005961915
01/24/2024,"63,709.40",-0.005925021
01/23/2024,"64,088.00",-0.008823769
01/22/2024,"64,656.00",0.004402152
01/19/2024,"64,372.00",0.008862872
01/18/2024,"63,804.00",0.004461067
01/17/2024,"63,520.00",-0.004461067
01/16/2024,"63,804.00",0.005951472
01/15/2024,"63,425.40",-0.002980164
1/12/2024,"63,614.70",-0.010363516
1/11/2024,"64,277.40",0.005909075
1/10/2024,"63,898.70",-0.008849795
1/09/2024,"64,466.70",-0.001467898
1/08/2024,"64,561.40",-0.008757816
1/05/2024,"65,129.30",-0.002903841
1/04/2024,"65,318.70",0
1/03/2024,"65,318.70",0.010197458
1/02/2024,"64,656.00",0.010300955
12/29/2023,"63,993.40",-0.013226022
12/28/2023,"64,845.40",0.014706958
12/27/2023,"63,898.70",0
12/26/2023,"63,898.70",0.001472162
12/25/2023,"63,804.70",0.004427959
12/22/2023,"63,522.80",-0.002955196
12/21/2023,"63,710.80",-0.004414921
12/20/2023,"63,992.70",0.016285293
12/19/2023,"62,959.00",0
12/18/2023,"62,959.00",-0.016285293
12/15/2023,"63,992.70",-0.004395516
12/14/2023,"64,274.60",0.002929236
12/13/2023,"64,086.60",-0.017443476
12/12/2023,"65,214.30",-0.008608186
12/11/2023,"65,778.10",0.014388936
12/08/2023,"64,838.40",0.008733491
12/07/2023,"64,274.60",-0.001459853
12/06/2023,"64,368.50",0.005855369
12/05/2023,"63,992.70",-0.010225278
12/04/2023,"64,650.40",0.005829762
12/01/2023,"64,274.60",0.01472801
11/30/2023,"63,334.90",-0.01472801
11/29/2023,"64,274.60",-0.001459853
11/28/2023,"64,368.50",0.005855369
11/27/2023,"63,992.70",-0.00293197
11/24/2023,"64,180.60",-0.005839825
11/23/2023,"64,556.50",-0.010137961
11/22/2023,"65,214.30",-0.001438833
11/21/2023,"65,308.20",0.002881274
11/20/2023,"65,120.30",-0.010050628
11/17/2023,"65,778.10",-0.004276464
11/16/2023,"66,060.00",-0.005674153
11/15/2023,"66,435.90",0.025790363
11/14/2023,"64,744.40",0.002906401
11/13/2023,"64,556.50",-0.013015088
11/10/2023,"65,402.20",-0.015681676
11/09/2023,"66,435.90",-0.009851086
11/08/2023,"67,093.60",0.008438692
11/07/2023,"66,529.80",-0.002821816
11/06/2023,"66,717.80",0.014184828
11/03/2023,"65,778.10",-0.012774915
11/02/2023,"66,623.80",0.007078025
11/01/2023,"66,153.90",0.034684829
10/31/2023,"63,898.70",0.00590012
10/30/2023,"63,522.80",-0.00590012
10/27/2023,"63,898.70",0.014815296
10/26/2023,"62,959.00",-0.0294143
10/25/2023,"64,838.40",-0.0186654
10/24/2023,"66,060.00",0.001423962
10/23/2023,"65,966.00",-0.029476674
10/20/2023,"67,939.40",0.012527472
10/19/2023,"67,093.60",-0.034416173
10/18/2023,"69,442.90",-0.012104791
10/17/2023,"70,288.60",-0.005332287
10/16/2023,"70,664.40",-0.007948301
10/13/2023,"71,228.30",0.003965549
10/12/2023,"70,946.40",0.014677341
10/11/2023,"69,912.70",0
10/10/2023,"69,912.70",0.00945342
10/09/2023,"69,254.90",-0.006762164
10/06/2023,"69,724.80",0.020423776
10/05/2023,"68,315.20",-0.023115031
10/04/2023,"69,912.70",0.005391212
10/03/2023,"69,536.80",-0.021391213
10/02/2023,"71,040.30",0.018691257
09/29/2023,"69,724.80",-0.008053558
09/28/2023,"70,288.60",-0.023778679
09/27/2023,"71,980.00",0.006548206
09/26/2023,"71,510.20",-0.019518739
09/25/2023,"72,919.70",0.001289921
09/22/2023,"72,825.70",-0.006431665
09/21/2023,"73,295.60",-0.003838693
09/20/2023,"73,577.50",-0.007633459
09/19/2023,"74,141.30",0
09/18/2023,"74,141.30",-0.007575631
09/15/2023,"74,705.10",0.001259073
09/14/2023,"74,611.10",0.003785414
09/13/2023,"74,329.20",-0.015056431
9/12/2023,"75,456.80",0.010011944
9/11/2023,"74,705.10",-0.006269036
9/08/2023,"75,174.90",0.006269036
9/07/2023,"74,705.10",-0.006269036
9/06/2023,"75,174.90",-0.001249636
9/05/2023,"75,268.90",0.029134706
08/31/2023,"73,107.60",0
08/30/2023,"73,107.60",0.005153626
08/29/2023,"72,731.80",-0.006438576
08/28/2023,"73,201.60",0.039272626
08/25/2023,"70,382.50",0.002673268
08/24/2023,"70,194.60",0.016194337
08/23/2023,"69,067.00",0.010944759
08/22/2023,"68,315.20",-0.00274817
08/21/2023,"68,503.20",-0.005470883
08/18/2023,"68,879.00",-0.004084332
08/17/2023,"69,160.90",0.006816032
08/16/2023,"68,691.10",0.004112324
08/15/2023,"68,409.20",-0.008207805
08/14/2023,"68,973.00",-0.001361924
8/11/2023,"69,067.00",0.005457406
8/10/2023,"68,691.10",0
8/09/2023,"68,691.10",-0.01897131
8/08/2023,"70,006.70",-0.005353701
8/07/2023,"70,382.50",0.025694393
8/04/2023,"68,597.10",0.005493427
8/03/2023,"68,221.30",-0.014358185
8/02/2023,"69,207.90",0.001314297
8/01/2023,"69,117.00",-0.025974522
07/31/2023,"70,935.80",0.007721194
07/28/2023,"70,390.20",0.022209521
07/27/2023,"68,844.10",0.009289998
07/26/2023,"68,207.50",0.006688742
07/25/2023,"67,752.80",0.012154246
07/24/2023,"66,934.30",0.001358971
07/21/2023,"66,843.40",0.012320627
07/20/2023,"66,024.90",0
07/19/2023,"66,024.90",0.002758823
07/18/2023,"65,843.00",0.001381511
07/17/2023,"65,752.10",-0.013735965
07/14/2023,"66,661.50",0.002732441
07/13/2023,"66,479.60",-0.005457436
7/12/2023,"66,843.40",0.009569393
7/11/2023,"66,206.80",0.009661852
7/10/2023,"65,570.20",0.016783286
7/07/2023,"64,478.90",0.005658133
7/06/2023,"64,115.10",0.00997864
7/05/2023,"63,478.50",-0.011395398
7/04/2023,"64,206.00",-0.00141631
7/03/2023,"64,297.00",-0.004233835
06/30/2023,"64,569.80",-0.012596534
06/29/2023,"65,388.30",0.018246679
06/28/2023,"64,206.00",0.001416759
06/27/2023,"64,115.10",-0.001416759
06/26/2023,"64,206.00",0.021474616
06/23/2023,"62,841.90",0.032356501
06/22/2023,"60,841.10",0.009008073
06/21/2023,"60,295.50",0.012140636
06/20/2023,"59,567.90",-0.004569193
06/19/2023,"59,840.70",-0.004550074
06/16/2023,"60,113.60",-0.003021369
06/15/2023,"60,295.50",-0.011993368
06/14/2023,"61,023.00",-0.007423665
06/13/2023,"61,477.70",-0.004427565
6/12/2023,"61,750.50",0.031416041
6/09/2023,"59,840.70",0.004569193
6/08/2023,"59,567.90",-0.010630262
6/07/2023,"60,204.50",-0.003016814
6/06/2023,"60,386.40",-0.001504174
6/05/2023,"60,477.30",0.009062508
6/02/2023,"59,931.70",-0.003030525
6/01/2023,"60,113.60",0
05/31/2023,"60,113.60",-0.006031983
05/30/2023,"60,477.30",-0.008982754
05/29/2023,"61,023.00",0
05/26/2023,"61,023.00",0
05/25/2023,"61,023.00",0.011993368
05/24/2023,"60,295.50",-0.010502655
05/23/2023,"60,932.10",-0.017751604
05/22/2023,"62,023.40",-0.005848393
05/19/2023,"62,387.20",-0.008707364
05/18/2023,"62,932.80",0.00289457
05/17/2023,"62,750.90",-0.010093761
05/16/2023,"63,387.50",0.010093761
05/15/2023,"62,750.90",-0.008658695
5/12/2023,"63,296.60",-0.00573109
5/11/2023,"63,660.40",-0.0071172
5/10/2023,"64,115.10",-0.002833068
5/09/2023,"64,297.00",0.004253399
5/08/2023,"64,024.10",0.022989627
5/05/2023,"62,569.00",0.002909822
5/04/2023,"62,387.20",-0.020202579
04/28/2023,"63,660.40",0.0071698
04/27/2023,"63,205.60",-0.021353904
04/26/2023,"64,569.80",0.015614587
04/25/2023,"63,569.40",-0.008547683
04/24/2023,"64,115.10",-0.005658133
04/21/2023,"64,478.90",-0.014005305
04/20/2023,"65,388.30",-0.001389192
04/19/2023,"65,479.20",-0.013794326
04/18/2023,"66,388.70",0.017969238
04/17/2023,"65,206.40",-0.015225553
04/14/2023,"66,206.80",-0.009569393
04/13/2023,"66,843.40",-0.010824847
4/12/2023,"67,570.90",-0.001345828
4/11/2023,"67,661.90",0
4/10/2023,"67,661.90",-0.004023705
4/07/2023,"67,934.70",0.005369533
4/06/2023,"67,570.90",-0.00268837
4/05/2023,"67,752.80",0.00403453
4/04/2023,"67,480.00",-0.002691987
4/03/2023,"67,661.90",0
03/31/2023,"67,661.90",-0.008031285
03/30/2023,"68,207.50",0.001333587
03/29/2023,"68,116.60",0.006697698
03/28/2023,"67,661.90",-0.00268476
03/27/2023,"67,843.80",-0.005346525
03/24/2023,"68,207.50",-0.003993043
03/23/2023,"68,480.40",0.012024328
03/22/2023,"67,661.90",0
03/21/2023,"67,661.90",0.001345828
03/20/2023,"67,570.90",-0.00268837
03/17/2023,"67,752.80",-0.025183229
03/16/2023,"69,480.70",-0.009120538
03/15/2023,"70,117.30",0.006505966
03/14/2023,"69,662.60",-0.0039098
03/13/2023,"69,935.50",0
3/10/2023,"69,935.50",0.005215513
3/09/2023,"69,571.70",0
3/08/2023,"69,571.70",0.009192393
3/07/2023,"68,935.10",0.010610953
3/06/2023,"68,207.50",-0.013246191
3/03/2023,"69,117.00",-0.006557155
3/02/2023,"69,571.70",-0.005215513
3/01/2023,"69,935.50",0.018374559
02/28/2023,"68,662.20",0.003980988
02/27/2023,"68,389.40",0.006670892
02/24/2023,"67,934.70",-0.013297578
02/23/2023,"68,844.10",0.002645699
02/22/2023,"68,662.20",-0.022267708
02/21/2023,"70,208.30",-0.003878051
02/20/2023,"70,481.10",0.019543868
02/17/2023,"69,117.00",-0.006557155
02/16/2023,"69,571.70",0.006557155
02/15/2023,"69,117.00",0.017253771
02/14/2023,"67,934.70",-0.008000623
02/13/2023,"68,480.40",-0.007935672
2/10/2023,"69,026.00",0.011928716
2/09/2023,"68,207.50",-0.010610953
2/08/2023,"68,935.10",-0.003949536
2/07/2023,"69,207.90",-0.016939031
2/06/2023,"70,390.20",0.018253328
2/03/2023,"69,117.00",-0.009168311
2/02/2023,"69,753.60",-0.006497505
2/01/2023,"70,208.30",0.001296984
01/31/2023,"70,117.30",-0.029395138
01/30/2023,"72,209.00",-0.007528817
01/27/2023,"72,754.70",-0.01611987
01/19/2023,"73,937.00",0
01/18/2023,"73,937.00",0.00493255
01/17/2023,"73,573.20",0.018716137
01/16/2023,"72,209.00",-0.015001374
01/13/2023,"73,300.40",0.007472557
1/12/2023,"72,754.70",0.007528817
1/11/2023,"72,209.00",-0.019950879
1/10/2023,"73,664.10",0.003710171
1/09/2023,"73,391.30",0.011215204
1/06/2023,"72,572.80",-0.017391648
1/05/2023,"73,846.00",0.023676791
1/04/2023,"72,118.10",0.010140246
1/03/2023,"71,390.50",0.031049789
12/30/2022,"69,207.90",-0.011757296
12/29/2022,"70,026.40",0
12/28/2022,"70,026.40",0.005208725
12/27/2022,"69,662.60",0.007862868
12/26/2022,"69,117.00",-0.002626869
12/23/2022,"69,298.80",-0.010444724
12/22/2022,"70,026.40",-0.016742688
12/21/2022,"71,208.70",0.01262701
12/20/2022,"70,315.20",0.021838027
12/19/2022,"68,796.30",-0.012904001
12/16/2022,"69,689.80",0.005141636
12/15/2022,"69,332.40",0.001290272
12/14/2022,"69,243.00",-0.006431909
12/13/2022,"69,689.80",-0.006389378
12/12/2022,"70,136.50",-0.018928179
12/09/2022,"71,476.70",-0.012421708
12/08/2022,"72,370.10",-0.018349315
12/07/2022,"73,710.30",0
12/06/2022,"73,710.30",-0.029853681
12/05/2022,"75,944.00",0.011835006
12/02/2022,"75,050.50",0.019230909
12/01/2022,"73,621.00",-0.047076582
11/30/2022,"77,169.70",-0.002412543
11/29/2022,"77,356.10",0.015786585
11/28/2022,"76,144.50",-0.006101292
11/25/2022,"76,610.50",0.012240039
11/24/2022,"75,678.50",0.022416849
11/23/2022,"74,000.90",-0.001258652
11/22/2022,"74,094.10",0.020331041
11/21/2022,"72,602.90",0.011620515
11/18/2022,"71,764.10",0.013072063
11/17/2022,"70,832.10",0.019934186
11/16/2022,"69,434.10",-0.03300625
11/15/2022,"71,764.10",-0.025642395
11/14/2022,"73,628.10",0.007623915
11/11/2022,"73,068.90",0
11/10/2022,"73,068.90",-0.031389854
11/09/2022,"75,398.90",-0.018371589
11/08/2022,"76,796.90",0.002430132
11/07/2022,"76,610.50",0.027128631
11/04/2022,"74,560.10",0
11/03/2022,"74,560.10",0.021479003
11/02/2022,"72,975.70",-0.023975879
11/01/2022,"74,746.50",0.021424861
10/31/2022,"73,162.10",0.006389789
10/28/2022,"72,696.10",-0.006389789
10/27/2022,"73,162.10",0.03236524
10/26/2022,"70,832.10",0
10/25/2022,"70,832.10",0.026668209
10/24/2022,"68,968.10",-0.039740272
10/21/2022,"71,764.10",-0.006472506
10/20/2022,"72,230.10",0.011680843
10/19/2022,"71,391.30",0.001306334
10/18/2022,"71,298.10",0.031875163
10/17/2022,"69,061.30",0.001350437
10/14/2022,"68,968.10",0.002706358
10/13/2022,"68,781.70",0.030263613
10/12/2022,"66,731.30",0.019746733
10/11/2022,"65,426.50",-0.004264392
10/10/2022,"65,706.10",0.009978685
10/07/2022,"65,053.70",-0.002861228
10/06/2022,"65,240.10",-0.022599798
10/05/2022,"66,731.30",0.009824626
10/04/2022,"66,078.90",-0.001409441
10/03/2022,"66,172.10",-0.018144225
09/30/2022,"67,383.70",-0.005517247
09/29/2022,"67,756.50",0.01245689
09/28/2022,"66,917.70",-0.008321811
09/27/2022,"67,476.90",-0.021858762
09/26/2022,"68,968.10",-0.035836564
09/23/2022,"71,484.50",-0.002604165
09/22/2022,"71,670.90",0
09/21/2022,"71,670.90",0.014407564
09/20/2022,"70,645.70",0.00794705
09/19/2022,"70,086.50",-0.010582094
09/16/2022,"70,832.10",0.019934186
09/15/2022,"69,434.10",0.006734022
09/14/2022,"68,968.10",-0.022713035
09/13/2022,"70,552.50",0.005298018
9/12/2022,"70,179.70",-0.007936538
9/09/2022,"70,738.90",0.00263852
9/08/2022,"70,552.50",0
9/07/2022,"70,552.50",-0.027363232
9/06/2022,"72,509.70",0.003863489
9/05/2022,"72,230.10",0.026145243
08/31/2022,"70,366.10",-0.006600675
08/30/2022,"70,832.10",0.006600675
08/29/2022,"70,366.10",-0.018373194
08/26/2022,"71,670.90",-0.012920058
08/25/2022,"72,602.90",0.002570692
08/24/2022,"72,416.50",0.02475693
08/23/2022,"70,645.70",0.028095453
08/22/2022,"68,688.50",-0.005412725
08/19/2022,"69,061.30",0.009491583
08/18/2022,"68,408.90",0.010958998
08/17/2022,"67,663.30",0.011080429
08/16/2022,"66,917.70",0.00418702
08/15/2022,"66,638.10",-0.005578807
8/12/2022,"67,010.90",0.011188911
8/11/2022,"66,265.30",-0.019499196
8/10/2022,"67,570.10",0.006920433
8/09/2022,"67,104.10",-0.002773923
8/08/2022,"67,290.50",-0.005524868
8/05/2022,"67,663.30",-0.009595673
8/04/2022,"68,315.70",-0.001363325
8/03/2022,"68,408.90",0
8/02/2022,"68,408.90",-0.001361469
8/01/2022,"68,502.10",0.009569437
07/29/2022,"67,849.70",0.002751029
07/28/2022,"67,663.30",0.005524868
07/27/2022,"67,290.50",0.002773923
07/26/2022,"67,104.10",-0.012422502
07/25/2022,"67,942.90",0.012422502
07/22/2022,"67,104.10",-0.016529278
07/21/2022,"68,222.50",0.002735976
07/20/2022,"68,036.10",0.002743482
07/19/2022,"67,849.70",0.015225185
07/18/2022,"66,824.50",0.001395672
07/15/2022,"66,731.30",-0.011111209
07/14/2022,"67,476.90",-0.00138026
07/13/2022,"67,570.10",-0.010974031
7/12/2022,"68,315.70",0.004101162
7/11/2022,"68,036.10",0
7/08/2022,"68,036.10",0
7/07/2022,"68,036.10",0.03201382
7/06/2022,"65,892.50",0.000431098
7/05/2022,"65,864.10",-0.026991788
7/04/2022,"67,666.10",0.018817479
7/01/2022,"66,404.70",0.020563978
06/30/2022,"65,053.10",-0.001384064
06/29/2022,"65,143.20",0.020964836
06/28/2022,"63,791.70",-0.004228277
06/27/2022,"64,062.00",-0.005610034
06/24/2022,"64,422.40",0.011251719
06/23/2022,"63,701.60",0.001415408
06/22/2022,"63,611.50",-0.042973565
06/21/2022,"66,404.70",0.065896877
06/20/2022,"62,169.90",0.033901052
06/17/2022,"60,097.60",-0.019302466
06/16/2022,"61,268.90",0.052843405
06/15/2022,"58,115.30",-0.024504869
06/14/2022,"59,557.00",-0.004528241
06/13/2022,"59,827.30",-0.045629025
6/10/2022,"62,620.40",-0.010021415
6/09/2022,"63,251.10",-0.011331406
6/08/2022,"63,971.90",0.005649653
6/07/2022,"63,611.50",-0.002828816
6/06/2022,"63,791.70",0.007087102
6/03/2022,"63,341.20",-0.011315378
6/02/2022,"64,062.00",-0.011188772
6/01/2022,"64,782.80",0.002785478
05/31/2022,"64,602.60",-0.011095661
05/30/2022,"65,323.40",-0.006874305
05/27/2022,"65,774.00",0.023564308
05/26/2022,"64,242.20",-0.00837982
05/25/2022,"64,782.80",0.042619482
05/24/2022,"62,079.80",0.038465712
05/23/2022,"59,737.20",-0.026786918
05/20/2022,"61,359.00",-0.0131291
05/19/2022,"62,169.90",-0.018665027
05/18/2022,"63,341.20",0.004276496
05/17/2022,"63,070.90",0.061874493
05/16/2022,"59,286.70",-0.00454884
05/13/2022,"59,557.00",-0.00603311
5/12/2022,"59,917.40",-0.044124157
5/11/2022,"62,620.40",-0.015703168
5/10/2022,"63,611.50",0.008534781
5/09/2022,"63,070.90",-0.002853028
5/06/2022,"63,251.10",-0.026705358
5/05/2022,"64,963.00",-0.005532441
5/04/2022,"65,323.40",-0.023178768
04/29/2022,"66,855.20",-0.001346781
04/28/2022,"66,945.30",-0.009377022
04/27/2022,"67,576.00",-0.011928395
04/26/2022,"68,386.90",0.032130801
04/25/2022,"66,224.50",-0.032130801
04/22/2022,"68,386.90",0.011928395
04/21/2022,"67,576.00",-0.007968052
04/20/2022,"68,116.60",-0.00527698
04/19/2022,"68,477.00",-0.013071892
04/18/2022,"69,378.00",0.006514587
04/15/2022,"68,927.50",0.002617765
04/14/2022,"68,747.30",-0.011726349
04/13/2022,"69,558.20",0.005194742
4/12/2022,"69,197.80",-0.006489222
4/08/2022,"69,648.30",-0.01540445
4/07/2022,"70,729.50",-0.010139361
4/06/2022,"71,450.30",-0.013775856
4/05/2022,"72,441.40",-0.022142174
4/04/2022,"74,063.30",0.006101209
4/01/2022,"73,612.80",0.00984003
03/31/2022,"72,892.00",0.059852887
03/30/2022,"68,657.20",0.009228671
03/29/2022,"68,026.50",0.0282083
03/28/2022,"66,134.40",-0.024226933
03/25/2022,"67,756.20",-0.005304974
03/24/2022,"68,116.60",-0.006591885
03/23/2022,"68,567.10",-0.063156073
03/22/2022,"73,037.20",-0.009062392
03/21/2022,"73,702.10",0.020835044
03/18/2022,"72,182.40",-0.005249254
03/17/2022,"72,562.30",-0.011711375
03/16/2022,"73,417.10",0.001294814
03/15/2022,"73,322.10",0
03/14/2022,"73,322.10",-0.010310524
3/11/2022,"74,082.00",0.011605651
3/10/2022,"73,227.20",0.026283587
3/09/2022,"71,327.60",-0.013228145
3/08/2022,"72,277.40",-0.009155853
3/07/2022,"72,942.20",-0.014222055
3/04/2022,"73,987.00",-0.006398183
3/03/2022,"74,461.90",-0.001273666
3/02/2022,"74,556.80",-0.008878502
3/01/2022,"75,221.70",0.010152168
02/28/2022,"74,461.90",-0.006357506
02/25/2022,"74,936.80",0.003810455
02/24/2022,"74,651.80",-0.017655253
02/23/2022,"75,981.50",0
02/22/2022,"75,981.50",-0.012422926
02/21/2022,"76,931.30",0.004950405
02/18/2022,"76,551.40",-0.002477614
02/17/2022,"76,741.30",0.004962692
02/16/2022,"76,361.40",-0.009900877
02/15/2022,"77,121.20",0.001232587
02/14/2022,"77,026.20",-0.011036397
2/11/2022,"77,881.00",-0.008501147
2/10/2022,"78,545.90",-0.001208753
2/09/2022,"78,640.90",0.0097099
2/08/2022,"77,881.00",-0.018127984
2/07/2022,"79,305.70",0.004801834
01/28/2022,"78,925.80",0
01/27/2022,"78,925.80",0.041774925
01/26/2022,"75,696.60",0.006293492
01/25/2022,"75,221.70",-0.022473063
01/24/2022,"76,931.30",-0.019560136
01/21/2022,"78,450.90",-0.004830832
01/20/2022,"78,830.80",-0.004807607
01/19/2022,"79,210.70",0
01/18/2022,"79,210.70",0.006013447
01/17/2022,"78,735.80",-0.021480749
01/14/2022,"80,445.40",0.019070523
01/13/2022,"78,925.80",0
1/12/2022,"78,925.80",-0.007193504
1/11/2022,"79,495.60",0
1/10/2022,"79,495.60",-0.001194321
1/07/2022,"79,590.60",-0.002344261
1/06/2022,"79,777.40",-0.009324955
1/05/2022,"80,524.80",-0.005783938
1/04/2022,"80,991.90",0.003466842
12/31/2021,"80,711.60",0.012813494
12/30/2021,"79,684.00",0.001172817
12/29/2021,"79,590.60",-0.003515586
12/28/2021,"79,870.90",-0.006993066
12/27/2021,"80,431.40",0.001163158
12/24/2021,"80,337.90",0.015231567
12/23/2021,"79,123.50",-0.008230333
12/22/2021,"79,777.40",-0.001171325
12/21/2021,"79,870.90",-0.002336044
12/20/2021,"80,057.70",0
12/17/2021,"80,057.70",-0.010446422
12/16/2021,"80,898.40",0.003469616
12/15/2021,"80,618.20",0
12/14/2021,"80,618.20",-0.001157877
12/13/2021,"80,711.60",0.001157877
12/10/2021,"80,618.20",-0.008078354
12/09/2021,"81,272.10",0.011561295
12/08/2021,"80,337.90",-0.005797355
12/07/2021,"80,805.00",0.013970032
12/06/2021,"79,684.00",-0.00584479
12/03/2021,"80,151.10",-0.018476776
12/02/2021,"81,645.80",-0.001143312
12/01/2021,"81,739.20",-0.001142006
11/30/2021,"81,832.60",0.001142006
11/29/2021,"81,739.20",-0.009100953
11/26/2021,"82,486.50",0.009100953
11/25/2021,"81,739.20",0
11/24/2021,"81,739.20",0.01380926
11/23/2021,"80,618.20",0.001159219
11/22/2021,"80,524.80",0.001160564
11/19/2021,"80,431.40",-0.021827294
11/18/2021,"82,206.30",-0.009049474
11/17/2021,"82,953.60",0.002254401
11/16/2021,"82,766.80",-0.00450373
11/15/2021,"83,140.40",-0.003365735
11/12/2021,"83,420.70",-0.00335325
11/11/2021,"83,700.90",-0.001115256
11/10/2021,"83,794.30",-0.001115206
11/09/2021,"83,887.80",-0.011073572
11/08/2021,"84,821.90",0.017777538
11/05/2021,"83,327.30",0.009009917
11/04/2021,"82,579.90",0.002264614
11/03/2021,"82,393.10",-0.011274531
11/02/2021,"83,327.30",-0.008928273
11/01/2021,"84,074.60",-0.007747527
10/29/2021,"84,728.50",0.001102953
10/28/2021,"84,635.10",0.002209561
10/27/2021,"84,448.30",0.008889783
10/26/2021,"83,700.90",-0.005565071
10/25/2021,"84,168.00",-0.004430102
10/22/2021,"84,541.70",0.015591388
10/21/2021,"83,233.80",-0.010050985
10/20/2021,"84,074.60",-0.003327213
10/19/2021,"84,354.80",0.005551521
10/18/2021,"83,887.80",-0.002224308
10/15/2021,"84,074.60",0
10/14/2021,"84,074.60",-0.001110302
10/13/2021,"84,168.00",-0.003324711
10/12/2021,"84,448.30",0.004435013
10/11/2021,"84,074.60",0.00445477
10/08/2021,"83,700.90",0.008968315
10/07/2021,"82,953.60",-0.005615065
10/06/2021,"83,420.70",-0.00335325
10/05/2021,"83,700.90",-0.006674142
10/04/2021,"84,261.40",0.00444368
10/01/2021,"83,887.80",0.002230462
09/30/2021,"83,700.90",0
09/29/2021,"83,700.90",0.00335325
09/28/2021,"83,420.70",0.005615065
09/27/2021,"82,953.60",-0.021170611
09/24/2021,"84,728.50",-0.001101737
09/23/2021,"84,821.90",-0.007679531
09/22/2021,"85,475.80",0.02995188
09/21/2021,"82,953.60",0.001126565
09/20/2021,"82,860.20",0.025116006
09/17/2021,"80,805.00",0.001156538
09/16/2021,"80,711.60",0.00347766
09/15/2021,"80,431.40",-0.010398137
09/14/2021,"81,272.10",-0.002295814
09/13/2021,"81,458.90",0.008059754
9/10/2021,"80,805.00",0.015142849
9/09/2021,"79,590.60",-0.002344261
9/08/2021,"79,777.40",-0.010484174
9/07/2021,"80,618.20",-0.005776023
9/06/2021,"81,085.20",0.002266852
9/01/2021,"80,901.60",0.007977188
08/31/2021,"80,258.80",0
08/30/2021,"80,258.80",0.004586949
08/27/2021,"79,891.50",0
08/26/2021,"79,891.50",0.001150972
08/25/2021,"79,799.60",0.006927483
08/24/2021,"79,248.70",0.003482454
08/23/2021,"78,973.20",-0.020713864
08/20/2021,"80,626.10",-0.028075577
08/19/2021,"82,921.80",0.003327939
08/18/2021,"82,646.30",0.007808127
08/17/2021,"82,003.50",-0.002237643
08/16/2021,"82,187.20",-0.004459109
08/13/2021,"82,554.50",-0.006652204
8/12/2021,"83,105.50",-0.004409945
8/11/2021,"83,472.80",0.016638845
8/10/2021,"82,095.40",0.019198805
8/09/2021,"80,534.30",0.005718236
8/06/2021,"80,075.10",0.006904824
8/05/2021,"79,524.10",-0.005757743
8/04/2021,"79,983.30",0
8/03/2021,"79,983.30",0.006912776
8/02/2021,"79,432.30",0.004634788
07/30/2021,"79,065.00",-0.008097149
07/29/2021,"79,707.80",-0.001151044
07/28/2021,"79,799.60",-0.006881068
07/27/2021,"80,350.60",-0.015873232
07/26/2021,"81,636.20",0.014731391
07/23/2021,"80,442.40",0.009173952
07/22/2021,"79,707.80",0.01743167
07/21/2021,"78,330.40",-0.007008413
07/20/2021,"78,881.30",0.010531766
07/19/2021,"78,054.90",-0.010531766
07/16/2021,"78,881.30",0.008182337
07/15/2021,"78,238.50",0.002349429
07/14/2021,"78,054.90",0.008269326
07/13/2021,"77,412.10",-0.02344791
7/12/2021,"79,248.70",-0.008078455
7/09/2021,"79,891.50",-0.015963724
7/08/2021,"81,177.10",-0.015712882
7/07/2021,"82,462.70",0.031676606
7/06/2021,"79,891.50",-0.024972374
7/05/2021,"81,911.70",-0.010039568
7/02/2021,"82,738.20",-0.008839424
7/01/2021,"83,472.80",0.005515176
06/30/2021,"83,013.70",-0.006614331
06/29/2021,"83,564.60",0.019978148
06/28/2021,"81,911.70",-0.005589167
06/25/2021,"82,370.80",0.011209749
06/24/2021,"81,452.60",-0.0145488
06/23/2021,"82,646.30",-0.006644839
06/22/2021,"83,197.30",0
06/21/2021,"83,197.30",-0.016420272
06/18/2021,"84,574.70",0.012015182
06/17/2021,"83,564.60",-0.008753576
06/16/2021,"84,299.30",-0.011911086
06/15/2021,"85,309.40",0.0043148
06/14/2021,"84,942.10",0.005420701
6/11/2021,"84,482.90",-0.002172044
6/10/2021,"84,666.60",0.034200701
6/09/2021,"81,819.90",-0.006710515
6/08/2021,"82,370.80",0.00334902
6/07/2021,"82,095.40",-0.001117587
6/04/2021,"82,187.20",-0.007790742
6/03/2021,"82,830.00",0.008908329
6/02/2021,"82,095.40",-0.005576696
6/01/2021,"82,554.50",-0.006652204
05/31/2021,"83,105.50",-0.006608244
05/28/2021,"83,656.50",0.006608244
05/27/2021,"83,105.50",-0.0055091
05/26/2021,"83,564.60",0.0055091
05/25/2021,"83,105.50",-0.007704987
05/24/2021,"83,748.30",0.022174034
05/21/2021,"81,911.70",0.01354483
05/20/2021,"80,809.70",0.005697448
05/19/2021,"80,350.60",0.005730095
05/18/2021,"79,891.50",-0.00229548
05/17/2021,"80,075.10",-0.026034628
05/14/2021,"82,187.20",-0.011111313
05/13/2021,"83,105.50",-0.014262676
5/12/2021,"84,299.30",0.006557689
5/11/2021,"83,748.30",-0.01954428
5/10/2021,"85,401.20",0.066690688
5/07/2021,"79,891.50",-0.029446447
5/06/2021,"82,279.00",-0.026433236
5/05/2021,"84,482.90",0.004357104
5/04/2021,"84,115.60",-0.020530678
04/29/2021,"85,860.40",-0.002136072
04/28/2021,"86,044.00",-0.021120282
04/27/2021,"87,880.60",-0.003130032
04/26/2021,"88,156.10",-0.035809185
04/23/2021,"91,370.10",0.015189736
04/22/2021,"89,992.70",-0.013178304
04/20/2021,"91,186.50",0.03275696
04/19/2021,"88,247.90",-0.008290946
04/16/2021,"88,982.60",-0.02244943
04/15/2021,"91,002.80",-0.002016585
04/14/2021,"91,186.50",-0.024746508
04/13/2021,"93,471.20",0
4/12/2021,"93,471.20",0.00200262
4/09/2021,"93,284.20",-0.001001811
4/08/2021,"93,377.70",-0.001999548
4/07/2021,"93,564.60",-0.013889156
4/06/2021,"94,873.20",-0.010779317
4/05/2021,"95,901.40",-0.000974485
4/02/2021,"95,994.90",0.016691494
4/01/2021,"94,405.90",0.026080247
03/31/2021,"91,975.60",-0.008097543
03/30/2021,"92,723.40",0.002017707
03/29/2021,"92,536.50",0.016294305
03/26/2021,"91,040.90",-0.011230526
03/25/2021,"92,069.10",-0.002027939
03/24/2021,"92,256.00",-0.015083596
03/23/2021,"93,658.10",-0.005969881
03/22/2021,"94,218.90",-0.008889577
03/19/2021,"95,060.20",-0.007835814
03/18/2021,"95,808.00",0.019705876
03/17/2021,"93,938.50",-0.004963258
03/16/2021,"94,405.90",-0.011810593
03/15/2021,"95,527.50",0
3/12/2021,"95,527.50",-0.005854437
3/11/2021,"96,088.40",0.016675116
3/10/2021,"94,499.40",0.005953172
3/09/2021,"93,938.50",-0.016773851
3/08/2021,"95,527.50",-0.007797632
3/05/2021,"96,275.30",-0.003876133
3/04/2021,"96,649.20",-0.010582284
3/03/2021,"97,677.40",-0.003820599
3/02/2021,"98,051.30",-0.006650871
3/01/2021,"98,705.60",0.007604909
02/26/2021,"97,957.80",0.00191081
02/25/2021,"97,770.80",-0.011407438
02/24/2021,"98,892.50",-0.011278774
02/23/2021,"100,014.20",-0.004661455
02/22/2021,"100,481.50",-0.004640817
02/19/2021,"100,948.90",-0.009216537
02/18/2021,"101,883.60",0.002755954
02/17/2021,"101,603.20",0.006460582
2/09/2021,"100,948.90",0.025318595
2/08/2021,"98,425.10",-0.04002436
2/05/2021,"102,444.40",0.007326342
2/04/2021,"101,696.60",-0.008238615
2/03/2021,"102,537.90",0.030544299
2/02/2021,"99,453.30",0.035393122
2/01/2021,"95,994.90",-0.000973536
01/29/2021,"96,088.40",0.067396362
01/28/2021,"89,825.80",-0.072247805
01/27/2021,"96,555.70",-0.03238359
01/26/2021,"99,733.70",-0.013960534
01/25/2021,"101,135.80",-0.004610863
01/22/2021,"101,603.20",-0.014611751
01/21/2021,"103,098.70",0.011855797
01/20/2021,"101,883.60",0.011998045
01/19/2021,"100,668.50",-0.050688752
01/18/2021,"105,902.80",-0.00528239
01/15/2021,"106,463.70",0.007048775
01/14/2021,"105,715.90",-0.012302473
01/13/2021,"107,024.50",-0.015598409
1/12/2021,"108,707.00",0.00344545
1/11/2021,"108,333.10",0.034229107
1/08/2021,"104,687.70",0.014388364
1/07/2021,"103,192.20",0.005450314
1/06/2021,"102,631.30",-0.009067102
1/05/2021,"103,566.10",0.022821816
1/04/2021,"101,229.30",0.004585259
12/31/2020,"100,766.20",0
12/30/2020,"100,766.20",-0.003670085
12/29/2020,"101,136.70",0.004589467
12/28/2020,"100,673.60",-0.002755612
12/25/2020,"100,951.40",0.002755612
12/24/2020,"100,673.60",-0.01370471
12/23/2020,"102,062.80",0.002725565
12/22/2020,"101,785.00",-0.009959572
12/21/2020,"102,803.80",0.005420104
12/18/2020,"102,248.10",0
12/17/2020,"102,248.10",-0.01081099
12/16/2020,"103,359.50",0.003591016
12/15/2020,"102,989.00",-0.019591465
12/14/2020,"105,026.60",0.007080362
12/11/2020,"104,285.60",0.005342884
12/10/2020,"103,729.90",0.020748839
12/09/2020,"101,599.80",0.0045685
12/08/2020,"101,136.70",-0.007299026
12/07/2020,"101,877.60",0.00913288
12/04/2020,"100,951.40",-0.004576866
12/03/2020,"101,414.50",0.004576866
12/02/2020,"100,951.40",-0.006402354
12/01/2020,"101,599.80",0.013768593
11/30/2020,"100,210.50",-0.014679597
11/27/2020,"101,692.40",-0.000910175
11/26/2020,"101,785.00",-0.005444698
11/25/2020,"102,340.70",0.008178697
11/24/2020,"101,507.10",-0.009083108
11/23/2020,"102,433.30",-0.002709311
11/20/2020,"102,711.20",0.0108796
11/19/2020,"101,599.80",0.002738989
11/18/2020,"101,321.90",0.016590363
11/17/2020,"99,654.80",0.004657873
11/16/2020,"99,191.70",-0.002797728
11/13/2020,"99,469.60",0.00373171
11/12/2020,"99,099.10",-0.004662215
11/11/2020,"99,562.20",0
11/10/2020,"99,562.20",-0.012020407
11/09/2020,"100,766.20",0
11/06/2020,"100,766.20",0
11/05/2020,"100,766.20",0.007379828
11/04/2020,"100,025.30",0.002782164
11/03/2020,"99,747.40",0.000928776
11/02/2020,"99,654.80",-0.00371094
10/30/2020,"100,025.30",0.010237649
10/29/2020,"99,006.50",-0.004666565
10/28/2020,"99,469.60",-0.020276677
10/27/2020,"101,507.10",-0.008178697
10/26/2020,"102,340.70",0.004535351
10/23/2020,"101,877.60",0.030458924
10/22/2020,"98,821.30",0.002816108
10/21/2020,"98,543.40",0.001881143
10/20/2020,"98,358.20",-0.014025073
10/19/2020,"99,747.40",0.00278892
10/16/2020,"99,469.60",-0.000930505
10/15/2020,"99,562.20",0.000930505
10/14/2020,"99,469.60",0.002797728
10/13/2020,"99,191.70",0.000933982
10/12/2020,"99,099.10",0.002807191
10/09/2020,"98,821.30",-0.001872336
10/08/2020,"99,006.50",-0.010237649
10/07/2020,"100,025.30",0.009302794
10/06/2020,"99,099.10",-0.002800339
10/05/2020,"99,377.00",-0.006502455
10/02/2020,"100,025.30",-0.011965087
10/01/2020,"101,229.30",0.003666722
09/30/2020,"100,858.80",-0.002751548
09/29/2020,"101,136.70",0.034207194
09/28/2020,"97,735.60",0.004687875
09/25/2020,"97,278.50",0.00313716
09/24/2020,"96,973.80",-0.014815389
09/23/2020,"98,421.20",-0.003091095
09/22/2020,"98,725.90",-0.003850733
09/21/2020,"99,106.80",0.028852279
09/18/2020,"96,288.20",0.015145027
09/17/2020,"94,840.90",0.002413262
09/16/2020,"94,612.30",-0.004819662
09/15/2020,"95,069.40",0.004819662
09/14/2020,"94,612.30",0.003225709
9/11/2020,"94,307.60",-0.00724353
9/10/2020,"94,993.20",0.00724353
9/09/2020,"94,307.60",-0.003225709
9/08/2020,"94,612.30",-0.014388813
9/07/2020,"95,983.50",0.007967395
9/04/2020,"95,221.80",0.002403597
9/03/2020,"94,993.20",0.012101154
9/01/2020,"93,850.60",0.018018467
08/31/2020,"92,174.70",0.014150136
08/28/2020,"90,879.60",0.017759175
08/27/2020,"89,279.90",0.00085386
08/26/2020,"89,203.70",-0.001706992
08/25/2020,"89,356.10",0.006843266
08/24/2020,"88,746.70",0.007755353
08/21/2020,"88,061.10",0.003466098
08/20/2020,"87,756.40",-0.000866797
08/19/2020,"87,832.50",-0.0025993
08/18/2020,"88,061.10",-0.012038159
08/17/2020,"89,127.60",0.002568157
08/14/2020,"88,899.00",0.002573642
08/13/2020,"88,670.50",0.006896361
8/12/2020,"88,061.10",0.009561688
8/11/2020,"87,223.10",0
8/10/2020,"87,223.10",-0.008696005
8/07/2020,"87,984.90",0.006078568
8/06/2020,"87,451.70",0.023800261
8/05/2020,"85,394.90",0.007161842
8/04/2020,"84,785.50",0.01904908
8/03/2020,"83,185.70",0.0203522
07/31/2020,"81,509.80",-0.018519678
07/30/2020,"83,033.40",0.027908504
07/29/2020,"80,748.10",-0.036131521
07/28/2020,"83,719.00",0.060966747
07/27/2020,"78,767.40",-0.071826237
07/24/2020,"84,633.10",-0.027520605
07/23/2020,"86,994.60",0.0008763
07/22/2020,"86,918.40",-0.016515269
07/21/2020,"88,365.80",0.002589191
07/20/2020,"88,137.30",-0.009461853
07/17/2020,"88,975.20",-0.005975914
07/16/2020,"89,508.50",0.012848576
07/15/2020,"88,365.80",0.006920223
07/14/2020,"87,756.40",0.003478153
07/13/2020,"87,451.70",-0.004344951
7/10/2020,"87,832.50",-0.005190729
7/09/2020,"88,289.60",0.003457112
7/08/2020,"87,984.90",-0.004319808
7/07/2020,"88,365.80",-0.004301228
7/06/2020,"88,746.70",0.020816497
7/03/2020,"86,918.40",0.009686843
7/02/2020,"86,080.50",-0.014932018
7/01/2020,"87,375.50",-0.059121187
06/30/2020,"92,697.00",0.007123709
06/29/2020,"92,039.00",-0.02209251
06/26/2020,"94,095.00",-0.004305506
06/25/2020,"94,501.00",-0.005992527
06/24/2020,"95,069.00",0.009437572
06/23/2020,"94,176.00",0.005184586
06/22/2020,"93,689.00",0.003474954
06/19/2020,"93,364.00",-0.001744333
06/18/2020,"93,527.00",-0.003458254
06/17/2020,"93,851.00",-0.01204215
06/16/2020,"94,988.00",0.043671586
06/15/2020,"90,929.00",-0.052183703
6/12/2020,"95,800.00",-0.035792248
6/11/2020,"99,291.00",-0.005704259
6/10/2020,"99,859.00",-0.016132106
6/09/2020,"101,483.00",0.017755711
6/08/2020,"99,697.00",0.029757223
6/05/2020,"96,774.00",0.011818589
6/04/2020,"95,637.00",0.010236558
6/03/2020,"94,663.00",0.005157844
6/02/2020,"94,176.00",-0.000859722
6/01/2020,"94,257.00",0.009519262
05/29/2020,"93,364.00",0.001736651
05/28/2020,"93,202.00",-0.001736651
05/27/2020,"93,364.00",-0.022358601
05/26/2020,"95,475.00",0
05/25/2020,"95,475.00",0.027588396
05/22/2020,"92,877.00",-0.005229795
05/21/2020,"93,364.00",0.008735183
05/20/2020,"92,552.00",0.012350131
05/19/2020,"91,416.00",0.013413264
05/18/2020,"90,198.00",0.002708825
05/15/2020,"89,954.00",-0.019670961
05/14/2020,"91,741.00",-0.006172255
05/13/2020,"92,309.00",-0.001753437
5/12/2020,"92,471.00",0.048570119
5/11/2020,"88,087.00",0.032783768
5/08/2020,"85,246.00",0.015355547
5/07/2020,"83,947.00",0.018551668
5/06/2020,"82,404.00",0.009902761
5/05/2020,"81,592.00",0.029275236
5/04/2020,"79,238.00",-0.014234759
04/29/2020,"80,374.00",-0.015040477
04/28/2020,"81,592.00",-0.022636257
04/27/2020,"83,460.00",0
04/24/2020,"83,460.00",0.067402271
04/23/2020,"78,020.00",-0.014468018
04/22/2020,"79,157.00",0.007214206
04/21/2020,"78,588.00",-0.032523802
04/20/2020,"81,186.00",0.007020869
04/17/2020,"80,618.00",0
04/16/2020,"80,618.00",0.001005243
04/15/2020,"80,537.00",0.002025965
04/14/2020,"80,374.00",-0.00101971
04/13/2020,"80,456.00",-0.005033547
4/10/2020,"80,862.00",-0.004996032
4/09/2020,"81,267.00",0.011049289
4/08/2020,"80,374.00",0.005051681
4/07/2020,"79,969.00",0.023636199
4/06/2020,"78,101.00",0.012549447
4/03/2020,"77,127.00",0.010583902
4/01/2020,"76,315.00",0.032427356
03/31/2020,"73,880.00",-0.002190344
03/30/2020,"74,042.00",-0.031297839
03/27/2020,"76,396.00",0.001060827
03/26/2020,"76,315.00",0.021509908
03/25/2020,"74,691.00",0.066279648
03/24/2020,"69,901.00",0.028263666
03/23/2020,"67,953.00",-0.072574225
03/20/2020,"73,068.00",0.011175146
03/19/2020,"72,256.00",-0.065238045
03/18/2020,"77,127.00",-0.010473056
03/17/2020,"77,939.00",-0.010364507
03/16/2020,"78,751.00",-0.021419475
03/13/2020,"80,456.00",-0.017996088
3/12/2020,"81,917.00",-0.006909919
3/11/2020,"82,485.00",-0.000981515
3/10/2020,"82,566.00",0.047306997
3/09/2020,"78,751.00",-0.071596008
3/06/2020,"84,596.00",-0.002880146
3/05/2020,"84,840.00",-0.002860121
3/04/2020,"85,083.00",-0.004760462
3/03/2020,"85,489.00",0.007620583
3/02/2020,"84,840.00",0
02/28/2020,"84,840.00",-0.027368392
02/27/2020,"87,194.00",0.022594327
02/26/2020,"85,246.00",-0.028164034
02/25/2020,"87,681.00",0.014925907
02/24/2020,"86,382.00",-0.019545642
02/21/2020,"88,087.00",0.019545642
02/20/2020,"86,382.00",0
02/19/2020,"86,382.00",0.008486745
02/18/2020,"85,652.00",-0.018771478
02/17/2020,"87,275.00",0.008399543
02/14/2020,"86,545.00",-0.002803853
02/13/2020,"86,788.00",-0.002807504
2/12/2020,"87,032.00",0
2/11/2020,"87,032.00",-0.016647586
2/10/2020,"88,493.00",-0.010946389
2/07/2020,"89,467.00",0.024805789
2/06/2020,"87,275.00",0.008399543
2/05/2020,"86,545.00",0.015123316
2/04/2020,"85,246.00",-0.030942984
2/03/2020,"87,925.00",-0.001840784
01/31/2020,"88,087.00",-0.071998254
01/30/2020,"94,663.00",-0.039520111
01/22/2020,"98,479.00",0.00248076
01/21/2020,"98,235.00",0.01665961
01/20/2020,"96,612.00",0.003369642
01/17/2020,"96,287.00",0.003381035
01/16/2020,"95,962.00",0.003392505
01/15/2020,"95,637.00",0
01/14/2020,"95,637.00",0.003393562
01/13/2020,"95,313.00",-0.012697988
1/10/2020,"96,531.00",0.002530885
1/09/2020,"96,287.00",-0.001681056
1/08/2020,"96,449.00",0.002522645
1/07/2020,"96,206.00",0.009325513
1/06/2020,"95,313.00",-0.007629795
1/03/2020,"96,043.00",0.003379192
1/02/2020,"95,719.00",0.011949633
12/31/2019,"94,582.00",0
12/30/2019,"94,582.00",-0.014485097
12/27/2019,"95,962.00",0.010201712
12/26/2019,"94,988.00",0
12/25/2019,"94,988.00",-0.005071969
12/24/2019,"95,471.00",0.005071969
12/23/2019,"94,988.00",-0.016807469
12/20/2019,"96,598.00",0.002508371
12/19/2019,"96,356.00",0.009227129
12/18/2019,"95,471.00",0.012733789
12/17/2019,"94,263.00",-0.013571389
12/16/2019,"95,551.00",0.005909569
12/13/2019,"94,988.00",-0.010118342
12/12/2019,"95,954.00",0.005046374
12/11/2019,"95,471.00",0.003378452
12/10/2019,"95,149.00",0.000851659
12/09/2019,"95,068.00",0.015359071
12/06/2019,"93,619.00",-0.012820825
12/05/2019,"94,827.00",-0.008453313
12/04/2019,"95,632.00",0.020409303
12/03/2019,"93,700.00",-0.016186328
12/02/2019,"95,229.00",-0.026691183
11/29/2019,"97,805.00",-0.004926244
11/28/2019,"98,288.00",0
11/27/2019,"98,288.00",-0.00734921
11/26/2019,"99,013.00",0.000818409
11/25/2019,"98,932.00",0.011457045
11/22/2019,"97,805.00",-0.004111978
11/21/2019,"98,208.00",-0.016260849
11/20/2019,"99,818.00",-0.003220679
11/19/2019,"100,140.00",0.02936649
11/18/2019,"97,242.00",-0.018048438
11/15/2019,"99,013.00",-0.023299117
11/14/2019,"101,347.00",0.003182261
11/13/2019,"101,025.00",-0.015810994
11/12/2019,"102,635.00",-0.01401926
11/11/2019,"104,084.00",0.000768906
11/08/2019,"104,004.00",0.00077912
11/07/2019,"103,923.00",-0.007716273
11/06/2019,"104,728.00",0.006937153
11/05/2019,"104,004.00",-0.016118767
11/04/2019,"105,694.00",-0.00834775
11/01/2019,"106,580.00",0.018293539
10/31/2019,"104,648.00",-0.015267762
10/30/2019,"106,258.00",-0.015779531
10/29/2019,"107,948.00",0.002235052
10/28/2019,"107,707.00",-0.00521353
10/25/2019,"108,270.00",0.014222768
10/24/2019,"106,741.00",0.002269744
10/23/2019,"106,499.00",-0.00151061
10/22/2019,"106,660.00",-0.008272458
10/21/2019,"107,546.00",0.008272458
10/18/2019,"106,660.00",0.011380849
10/17/2019,"105,453.00",0.004590761
10/16/2019,"104,970.00",0.016240531
10/15/2019,"103,279.00",-0.002340427
10/14/2019,"103,521.00",0.004676638
10/11/2019,"103,038.00",0.00784333
10/10/2019,"102,233.00",0
10/09/2019,"102,233.00",-0.015625621
10/08/2019,"103,843.00",-0.000770097
10/07/2019,"103,923.00",0.00387575
10/04/2019,"103,521.00",-0.003105652
10/03/2019,"103,843.00",0.015625621
10/02/2019,"102,233.00",-0.00784333
10/01/2019,"103,038.00",-0.013189293
09/30/2019,"104,406.00",-0.003079368
09/27/2019,"104,728.00",0.000764175
09/26/2019,"104,648.00",0.028083513
09/25/2019,"101,750.00",-0.003943076
09/24/2019,"102,152.00",0.019094131
09/23/2019,"100,220.00",0.019465825
09/20/2019,"98,288.00",-0.012215498
09/19/2019,"99,496.00",-0.000803729
09/18/2019,"99,576.00",0.009748495
09/17/2019,"98,610.00",0.008196976
09/16/2019,"97,805.00",0.011589832
09/13/2019,"96,678.00",0.00081748
9/12/2019,"96,599.00",-0.00081748
9/11/2019,"96,678.00",-0.013020228
9/10/2019,"97,945.00",-0.006452161
9/09/2019,"98,579.00",0.013748097
9/06/2019,"97,233.00",0.006541771
9/05/2019,"96,599.00",-0.014643957
9/04/2019,"98,024.00",-0.001620738
9/03/2019,"98,183.00",0.00809928
08/30/2019,"97,391.00",0
08/29/2019,"97,391.00",0.029700201
08/28/2019,"94,541.00",0.003358677
08/27/2019,"94,224.00",-0.012529431
08/26/2019,"95,412.00",-0.020529447
08/23/2019,"97,391.00",-0.00809928
08/22/2019,"98,183.00",0.000804944
08/21/2019,"98,104.00",-0.004028408
08/20/2019,"98,500.00",-0.004002133
08/19/2019,"98,895.00",0.006421301
08/16/2019,"98,262.00",0.017068991
08/15/2019,"96,599.00",0.027422554
08/14/2019,"93,986.00",0.005911936
08/13/2019,"93,432.00",-0.021798103
8/12/2019,"95,491.00",-0.003303749
8/09/2019,"95,807.00",0.000824915
8/08/2019,"95,728.00",-0.000824915
8/07/2019,"95,807.00",0.006628956
8/06/2019,"95,174.00",-0.014861594
8/05/2019,"96,599.00",-0.016264695
8/02/2019,"98,183.00",-0.001607946
8/01/2019,"98,341.00",0.008086215
07/31/2019,"97,549.00",-0.002436828
07/30/2019,"97,787.00",0
07/29/2019,"97,787.00",-0.008066613
07/26/2019,"98,579.00",-0.004806899
07/25/2019,"99,054.00",-0.003989849
07/24/2019,"99,450.00",0.001600073
07/23/2019,"99,291.00",-0.000805388
07/22/2019,"99,371.00",-0.01108843
07/19/2019,"100,479.00",0.018289426
07/18/2019,"98,658.00",-0.006395609
07/17/2019,"99,291.00",0.011221848
07/16/2019,"98,183.00",0.006478268
07/15/2019,"97,549.00",-0.006478268
7/12/2019,"98,183.00",-0.009629299
7/11/2019,"99,133.00",0.00159509
7/10/2019,"98,975.00",0
7/09/2019,"98,975.00",0.006426262
7/08/2019,"98,341.00",-0.015978874
7/05/2019,"99,925.00",0
7/04/2019,"99,925.00",0.001592461
7/03/2019,"99,766.00",0.007162288
7/02/2019,"99,054.00",0.000797863
7/01/2019,"98,975.00",0.016133489
06/28/2019,"97,391.00",-0.000810834
06/27/2019,"97,470.00",-0.003247006
06/26/2019,"97,787.00",0.000808205
06/25/2019,"97,708.00",0.002438801
06/24/2019,"97,470.00",-0.019315682
06/21/2019,"99,371.00",0.01768574
06/20/2019,"97,629.00",-0.000808859
06/19/2019,"97,708.00",0.003249635
06/18/2019,"97,391.00",-0.005672293
06/17/2019,"97,945.00",0
06/14/2019,"97,945.00",0.004051281
06/13/2019,"97,549.00",-0.016107567
6/12/2019,"99,133.00",-0.002397938
6/11/2019,"99,371.00",-0.01108843
6/10/2019,"100,479.00",0.002371464
6/07/2019,"100,241.00",0.000788411
6/06/2019,"100,162.00",-0.007876092
6/05/2019,"100,954.00",0.003144984
6/04/2019,"100,637.00",0.004671207
6/03/2019,"100,168.00",-0.011652159
05/31/2019,"101,342.00",-0.015324732
05/30/2019,"102,907.00",-0.010584462
05/29/2019,"104,002.00",0.006792115
05/28/2019,"103,298.00",-0.015036721
05/27/2019,"104,863.00",0.026466975
05/24/2019,"102,124.00",-0.012185066
05/23/2019,"103,376.00",0
05/22/2019,"103,376.00",-0.010546266
05/21/2019,"104,472.00",-0.029520142
05/20/2019,"107,602.00",0.013915823
05/17/2019,"106,115.00",-0.005881928
05/16/2019,"106,741.00",0.005881928
05/15/2019,"106,115.00",0.000735322
05/14/2019,"106,037.00",0.011877458
05/13/2019,"104,785.00",0.028792479
5/10/2019,"101,811.00",0.014713205
5/09/2019,"100,324.00",0.001556172
5/08/2019,"100,168.00",-0.011652159
5/07/2019,"101,342.00",0.003093331
5/06/2019,"101,029.00",-0.01461128
5/03/2019,"102,516.00",0.00766715
5/02/2019,"101,733.00",0.001544447
04/26/2019,"101,576.00",0.002306351
04/25/2019,"101,342.00",0
04/24/2019,"101,342.00",0.019499739
04/23/2019,"99,385.00",-0.020269114
04/22/2019,"101,420.00",-0.025899132
04/19/2019,"104,081.00",-0.016399981
04/18/2019,"105,802.00",0.00147554
04/17/2019,"105,646.00",-0.007374818
04/16/2019,"106,428.00",0.00220109
4/12/2019,"106,194.00",0.000744198
4/11/2019,"106,115.00",0.00220759
4/10/2019,"105,881.00",-0.000736405
4/09/2019,"105,959.00",-0.013200645
4/08/2019,"107,367.00",0.006578541
4/05/2019,"106,663.00",-0.012392079
4/04/2019,"107,993.00",-0.003623293
4/03/2019,"108,385.00",-0.003601019
4/02/2019,"108,776.00",0.002881621
4/01/2019,"108,463.00",0.027802419
03/29/2019,"105,489.00",-0.002962741
03/28/2019,"105,802.00",-0.009575752
03/27/2019,"106,820.00",0
03/26/2019,"106,820.00",0
03/25/2019,"106,820.00",0
03/22/2019,"106,820.00",0.003676475
03/21/2019,"106,428.00",-0.018221003
03/20/2019,"108,385.00",0.01161865
03/19/2019,"107,133.00",-0.007995357
03/18/2019,"107,993.00",0.007267555
03/15/2019,"107,211.00",-0.001454017
03/14/2019,"107,367.00",-0.007987241
03/13/2019,"108,228.00",-0.005050609
3/12/2019,"108,776.00",0.010126856
3/11/2019,"107,680.00",0.004365011
3/08/2019,"107,211.00",-0.019517095
3/07/2019,"109,324.00",-0.00925962
3/06/2019,"110,341.00",-0.007071124
3/05/2019,"111,124.00",-0.006315282
3/04/2019,"111,828.00",0.010553761
3/01/2019,"110,654.00",0.002125995
02/28/2019,"110,419.00",-0.045715318
02/27/2019,"115,584.00",0.010891042
02/26/2019,"114,332.00",-0.036953485
02/25/2019,"118,636.00",0.017971303
02/22/2019,"116,523.00",0.002689779
02/21/2019,"116,210.00",0.037739666
02/20/2019,"111,906.00",0.002800909
02/19/2019,"111,593.00",0.004211629
02/18/2019,"111,124.00",0.0127606
02/15/2019,"109,715.00",0.005722032
02/14/2019,"109,089.00",0.00792395
02/13/2019,"108,228.00",0.002173703
2/12/2019,"107,993.00",0.007267555
2/11/2019,"107,211.00",0.014704973
2/01/2019,"105,646.00",0
01/31/2019,"105,646.00",-0.003694207
01/30/2019,"106,037.00",-0.007357085
01/29/2019,"106,820.00",0
01/28/2019,"106,820.00",0.004409633
01/25/2019,"106,350.00",0.002947452
01/24/2019,"106,037.00",0.007402112
01/23/2019,"105,255.00",0.003731241
01/22/2019,"104,863.00",0.001488763
01/21/2019,"104,707.00",-0.001488763
01/18/2019,"104,863.00",0.013518001
01/17/2019,"103,455.00",-0.006032707
01/16/2019,"104,081.00",-0.014185853
01/15/2019,"105,568.00",-0.000738587
01/14/2019,"105,646.00",0.007439146
1/11/2019,"104,863.00",0.017314285
1/10/2019,"103,063.00",-0.001522181
1/09/2019,"103,220.00",0.014510899
1/08/2019,"101,733.00",-0.00766715
1/07/2019,"102,516.00",0.046889829
1/04/2019,"97,820.00",0.016938811
1/03/2019,"96,177.00",-0.008912411
1/02/2019,"97,038.00",0.032797724
12/28/2018,"93,907.00",-0.026325744
12/27/2018,"96,412.00",0.001629755
12/26/2018,"96,255.00",-0.004829626
12/25/2018,"96,721.00",-0.007991063
12/24/2018,"97,497.00",0.02498728
12/21/2018,"95,091.00",-0.029755529
12/20/2018,"97,963.00",-0.022718043
12/19/2018,"100,214.00",-0.019936841
12/18/2018,"102,232.00",-0.016569069
12/17/2018,"103,940.00",-0.008182709
12/14/2018,"104,794.00",0
12/13/2018,"104,794.00",0.007432557
12/12/2018,"104,018.00",-0.00595237
12/11/2018,"104,639.00",-0.001480187
12/10/2018,"104,794.00",0.008182709
12/07/2018,"103,940.00",0.016569069
12/06/2018,"102,232.00",-0.009821321
12/05/2018,"103,241.00",-0.025976728
12/04/2018,"105,958.00",0.021473174
12/03/2018,"103,707.00",0.042819997
11/30/2018,"99,360.00",0.01337406
11/29/2018,"98,040.00",-0.01337406
11/28/2018,"99,360.00",0.011784137
11/27/2018,"98,196.00",0.027253018
11/26/2018,"95,556.00",0.042303026
11/23/2018,"91,598.00",-0.017638668
11/22/2018,"93,228.00",0.007525997
11/21/2018,"92,529.00",0.022912864
11/20/2018,"90,433.00",0.009488328
11/19/2018,"89,579.00",0.003466634
11/16/2018,"89,269.00",-0.017236253
11/15/2018,"90,821.00",-0.00426304
11/14/2018,"91,209.00",0.012844031
11/13/2018,"90,045.00",-0.008580991
11/12/2018,"90,821.00",0
11/09/2018,"90,821.00",-0.025320561
11/08/2018,"93,150.00",0.004174024
11/07/2018,"92,762.00",0.0151746
11/06/2018,"91,365.00",0.010253228
11/05/2018,"90,433.00",-0.017027147
11/02/2018,"91,986.00",0.036094693
11/01/2018,"88,725.00",-0.015633705
10/31/2018,"90,123.00",-0.010277333
10/30/2018,"91,054.00",-0.02275836
10/29/2018,"93,150.00",-0.012418544
10/26/2018,"94,314.00",0.012418544
10/25/2018,"93,150.00",-0.021432654
10/24/2018,"95,168.00",-0.007318063
10/23/2018,"95,867.00",-0.018448324
10/22/2018,"97,652.00",-0.007925338
10/19/2018,"98,429.00",0.006329103
10/18/2018,"97,808.00",-0.007111087
10/17/2018,"98,506.00",0.007111087
10/16/2018,"97,808.00",0.00238506
10/15/2018,"97,575.00",-0.022025692
10/12/2018,"99,748.00",0.011738029
10/11/2018,"98,584.00",-0.023349783
10/10/2018,"100,913.00",-0.006893038
10/09/2018,"101,611.00",-0.015914264
10/08/2018,"103,241.00",-0.016408457
10/05/2018,"104,949.00",-0.012499097
10/04/2018,"106,269.00",0
10/03/2018,"106,269.00",-0.000724314
10/02/2018,"106,346.00",0.005119055
10/01/2018,"105,803.00",-0.00730762
09/28/2018,"106,579.00",-0.008706674
09/27/2018,"107,511.00",0.014550379
09/26/2018,"105,958.00",-0.002930826
09/25/2018,"106,269.00",-0.000724314
09/24/2018,"106,346.00",-0.005822446
09/21/2018,"106,967.00",0.013146136
09/20/2018,"105,570.00",-0.013146136
09/19/2018,"106,967.00",-0.001457331
09/18/2018,"107,123.00",0.014603467
09/17/2018,"105,570.00",0.022308179
09/14/2018,"103,241.00",0.006783838
09/13/2018,"102,543.00",-0.00226964
9/12/2018,"102,776.00",0.003030586
9/11/2018,"102,465.00",0.033896504
9/10/2018,"99,050.00",0.003935042
9/07/2018,"98,661.00",0.040131315
9/06/2018,"94,780.00",-0.027462847
9/05/2018,"97,419.00",-0.282293887
9/04/2018,"129,194.00",0
08/31/2018,"129,194.00",0.001270215
08/30/2018,"129,030.00",-0.006997086
08/29/2018,"129,936.00",-0.010732131
08/28/2018,"131,338.00",-0.00625429
08/27/2018,"132,162.00",-0.011786921
08/24/2018,"133,729.00",-0.006759476
08/23/2018,"134,636.00",0.001836261
08/22/2018,"134,389.00",0
08/21/2018,"134,389.00",0.017951809
08/20/2018,"131,998.00",0.010050489
08/17/2018,"130,678.00",-0.000634947
08/16/2018,"130,761.00",0.000634947
08/15/2018,"130,678.00",0.002520813
08/14/2018,"130,349.00",0.012731354
08/13/2018,"128,700.00",-0.00702268
8/10/2018,"129,607.00",0.00127389
8/09/2018,"129,442.00",0.009602359
8/08/2018,"128,205.00",0.016206434
8/07/2018,"126,144.00",-0.044111859
8/06/2018,"131,833.00",-0.010571011
8/03/2018,"133,234.00",-0.020827278
8/02/2018,"136,038.00",-0.011445736
8/01/2018,"137,604.00",-0.007760282
07/31/2018,"138,676.00",-0.001779546
07/30/2018,"138,923.00",-0.001776385
07/27/2018,"139,170.00",-0.015868257
07/26/2018,"141,396.00",0.009372193
07/25/2018,"140,077.00",0
07/24/2018,"140,077.00",-0.000592356
07/23/2018,"140,160.00",0.002943827
07/20/2018,"139,748.00",-0.005879012
07/19/2018,"140,572.00",0.008838708
07/18/2018,"139,335.00",0.006530771
07/17/2018,"138,428.00",-0.00059941
07/16/2018,"138,511.00",0.010173515
07/13/2018,"137,109.00",-0.011955179
7/12/2018,"138,758.00",0.007755678
7/11/2018,"137,686.00",0
7/10/2018,"137,686.00",0
7/09/2018,"137,686.00",0.006002611
7/06/2018,"136,862.00",0.00603886
7/05/2018,"136,038.00",-0.012041472
7/04/2018,"137,686.00",-0.017808897
7/03/2018,"140,160.00",-0.005861782
7/02/2018,"140,984.00",0.005861782
06/29/2018,"140,160.00",0
06/28/2018,"140,160.00",-0.028985091
06/27/2018,"144,282.00",-0.005129528
06/26/2018,"145,024.00",-0.018588569
06/25/2018,"147,745.00",0.006716471
06/22/2018,"146,756.00",0.045986717
06/21/2018,"140,160.00",0.00708842
06/20/2018,"139,170.00",0.014919978
06/19/2018,"137,109.00",-0.03776545
06/18/2018,"142,386.00",-0.041396605
06/15/2018,"148,404.00",0
06/14/2018,"148,404.00",-0.005543754
06/13/2018,"149,229.00",0
6/12/2018,"149,229.00",0.004984627
6/11/2018,"148,487.00",0.017363505
6/08/2018,"145,931.00",-0.00169115
6/07/2018,"146,178.00",0.013055339
6/06/2018,"144,282.00",-0.011364189
6/05/2018,"145,931.00",0.01996765
6/04/2018,"143,046.00",0.03963689
6/01/2018,"137,487.00",0.024064023
05/31/2018,"134,218.00",-0.007881361
05/30/2018,"135,280.00",-0.018558245
05/29/2018,"137,814.00",0.021578769
05/28/2018,"134,872.00",-0.006039322
05/25/2018,"135,689.00",-0.011977595
05/24/2018,"137,324.00",0.004174031
05/23/2018,"136,752.00",0.032197929
05/22/2018,"132,419.00",-0.024394365
05/21/2018,"135,689.00",-0.03026212
05/18/2018,"139,858.00",0.036301442
05/17/2018,"134,872.00",-0.024542142
05/16/2018,"138,223.00",-0.039993135
05/15/2018,"143,863.00",-0.011300883
05/14/2018,"145,498.00",0
5/11/2018,"145,498.00",-0.011174599
5/10/2018,"147,133.00",-0.02739879
5/09/2018,"151,220.00",-0.0005355
5/08/2018,"151,301.00",-0.026132573
5/07/2018,"155,307.00",0.032092094
5/04/2018,"150,402.00",-0.005424021
5/03/2018,"151,220.00",0.002708333
5/02/2018,"150,811.00",-0.002708333
04/27/2018,"151,220.00",0.021861351
04/26/2018,"147,950.00",0.005537439
04/24/2018,"147,133.00",-0.01324004
04/23/2018,"149,094.00",-0.019546933
04/20/2018,"152,037.00",-0.008031488
04/19/2018,"153,263.00",0
04/18/2018,"153,263.00",0.016128003
04/17/2018,"150,811.00",-0.029376406
04/16/2018,"155,307.00",-0.029557489
04/13/2018,"159,966.00",-0.003058469
4/12/2018,"160,456.00",0.001528065
4/11/2018,"160,211.00",-0.005086566
4/10/2018,"161,028.00",-0.00405318
4/09/2018,"161,682.00",-0.002020446
4/06/2018,"162,009.00",0.004547107
4/05/2018,"161,274.00",-0.013591994
4/04/2018,"163,481.00",0.032008997
4/03/2018,"158,331.00",-0.030503102
4/02/2018,"163,235.00",-0.016393212
03/30/2018,"165,933.00",-0.019509175
03/29/2018,"169,202.00",-0.019141637
03/28/2018,"172,472.00",-0.009435148
03/27/2018,"174,107.00",0.021351265
03/26/2018,"170,429.00",0.00722552
03/23/2018,"169,202.00",-0.009616618
03/22/2018,"170,837.00",0
03/21/2018,"170,837.00",0
03/20/2018,"170,837.00",-0.014256606
03/19/2018,"173,290.00",-0.009385102
03/16/2018,"174,924.00",0.017915817
03/15/2018,"171,818.00",-0.013234276
03/14/2018,"174,107.00",0.014183404
03/13/2018,"171,655.00",0.019233624
3/12/2018,"168,385.00",-0.009663053
3/09/2018,"170,020.00",-0.004793808
3/08/2018,"170,837.00",0.013970001
3/07/2018,"168,467.00",0.020097684
3/06/2018,"165,115.00",-0.001978479
3/05/2018,"165,442.00",0.015435056
3/02/2018,"162,908.00",0.016693928
3/01/2018,"160,211.00",0
02/28/2018,"160,211.00",-0.020205079
02/27/2018,"163,481.00",0
02/26/2018,"163,481.00",-0.009945425
02/23/2018,"165,115.00",0.004960349
02/22/2018,"164,298.00",-0.010884082
02/21/2018,"166,096.00",0.048908175
02/13/2018,"158,168.00",0.007787821
2/12/2018,"156,941.00",0.005219375
2/09/2018,"156,124.00",-0.031436798
2/08/2018,"161,110.00",-0.016106937
2/07/2018,"163,726.00",0.012055816
2/06/2018,"161,764.00",-0.025939663
2/05/2018,"166,015.00",-0.019015122
2/02/2018,"169,202.00",0.019509175
2/01/2018,"165,933.00",-0.002461818
01/31/2018,"166,342.00",-0.004899545
01/30/2018,"167,159.00",-0.009733581
01/29/2018,"168,794.00",-0.025340617
01/26/2018,"173,126.00",0.022926386
01/25/2018,"169,202.00",-0.02197865
01/22/2018,"172,962.00",0.028762759
01/19/2018,"168,058.00",0
01/18/2018,"168,058.00",0.022128337
01/17/2018,"164,380.00",-0.035175226
01/16/2018,"170,265.00",-0.000962741
01/15/2018,"170,429.00",-0.006690044
1/12/2018,"171,573.00",-0.000477817
1/11/2018,"171,655.00",-0.004748256
1/10/2018,"172,472.00",0.019141637
1/09/2018,"169,202.00",-0.014393381
1/08/2018,"171,655.00",-0.016529779
1/05/2018,"174,516.00",-0.006066961
1/04/2018,"175,578.00",0.00420068
1/03/2018,"174,842.00",0.011279212
1/02/2018,"172,881.00",0.013809551
12/29/2017,"170,510.00",0.01643244
12/28/2017,"167,731.00",0.008315596
12/27/2017,"166,342.00",0.010296786
12/26/2017,"164,638.00",0.014401238
12/25/2017,"162,284.00",-0.014401238
12/22/2017,"164,638.00",-0.004913866
12/21/2017,"165,449.00",0.009363796
12/20/2017,"163,907.00",-0.004941798
12/19/2017,"164,719.00",-0.009804918
12/18/2017,"166,342.00",0.039810034
12/15/2017,"159,850.00",-0.020103109
12/14/2017,"163,096.00",0.031332644
12/13/2017,"158,065.00",0.001538525
12/12/2017,"157,822.00",0.018158835
12/11/2017,"154,982.00",0.015305393
12/08/2017,"152,628.00",0.011227189
12/07/2017,"150,924.00",-0.047254312
12/06/2017,"158,227.00",-0.020307235
12/05/2017,"161,473.00",-0.019903046
12/04/2017,"164,719.00",0.035091537
12/01/2017,"159,039.00",0.048616637
11/30/2017,"151,492.00",0.009144474
11/29/2017,"150,113.00",0
11/28/2017,"150,113.00",0
11/27/2017,"150,113.00",0
11/24/2017,"150,113.00",0.000539739
11/23/2017,"150,032.00",0
11/22/2017,"150,032.00",-0.021932973
11/21/2017,"153,359.00",0.010639409
11/20/2017,"151,736.00",0.020534165
11/17/2017,"148,652.00",0
11/16/2017,"148,652.00",0.00766458
11/15/2017,"147,517.00",0.009953314
11/14/2017,"146,056.00",-0.024689941
11/13/2017,"149,707.00",0.059742871
11/10/2017,"141,025.00",0.067226762
11/09/2017,"131,856.00",0.014252894
11/08/2017,"129,990.00",0.015099189
11/07/2017,"128,042.00",-0.00127221
11/06/2017,"128,205.00",0.017880526
11/03/2017,"125,933.00",-0.004500194
11/02/2017,"126,501.00",0.005795371
11/01/2017,"125,770.00",0.026139751
10/31/2017,"122,525.00",-0.005940289
10/30/2017,"123,255.00",-0.003288571
10/27/2017,"123,661.00",0.003945961
10/26/2017,"123,174.00",0.008602011
10/25/2017,"122,119.00",0.010015679
10/24/2017,"120,902.00",0.006738838
10/23/2017,"120,090.00",-0.003375096
10/20/2017,"120,496.00",-0.002022916
10/19/2017,"120,740.00",-0.001340827
10/18/2017,"120,902.00",-0.00066974
10/17/2017,"120,983.00",0.003361487
10/16/2017,"120,577.00",-0.005368019
10/13/2017,"121,226.00",0.00941511
10/12/2017,"120,090.00",-0.003375096
10/11/2017,"120,496.00",0
10/10/2017,"120,496.00",-0.002693554
10/09/2017,"120,821.00",-0.000670189
10/06/2017,"120,902.00",0
10/05/2017,"120,902.00",0.003363743
10/04/2017,"120,496.00",0.004049817
10/03/2017,"120,009.00",-0.004049817
10/02/2017,"120,496.00",-0.004702774
09/29/2017,"121,064.00",0.001339031
09/28/2017,"120,902.00",0.006738838
09/27/2017,"120,090.00",-0.000682588
09/26/2017,"120,172.00",0.000682588
09/25/2017,"120,090.00",0.002025532
09/22/2017,"119,847.00",-0.002025532
09/21/2017,"120,090.00",-0.00606865
09/20/2017,"120,821.00",0.003366002
09/19/2017,"120,415.00",-0.00403619
09/18/2017,"120,902.00",0.006738838
09/15/2017,"120,090.00",-0.002029748
09/14/2017,"120,334.00",0.000673353
09/13/2017,"120,253.00",0.000673807
9/12/2017,"120,172.00",-0.00202006
9/11/2017,"120,415.00",-0.00470593
9/08/2017,"120,983.00",-0.002682726
9/07/2017,"121,308.00",-0.009982325
9/06/2017,"122,525.00",-0.010538036
9/05/2017,"123,823.00",0.007238039
9/01/2017,"122,930.00",0.020670978
08/31/2017,"120,415.00",0.002702648
08/30/2017,"120,090.00",0.00337817
08/29/2017,"119,685.00",-0.005407918
08/28/2017,"120,334.00",-0.001345348
08/25/2017,"120,496.00",0.001345348
08/24/2017,"120,334.00",-0.001345348
08/23/2017,"120,496.00",0
08/22/2017,"120,496.00",-0.002693554
08/21/2017,"120,821.00",-0.00200922
08/18/2017,"121,064.00",0.002679858
08/17/2017,"120,740.00",0.008776182
08/16/2017,"119,685.00",-0.006753266
08/15/2017,"120,496.00",-0.008050761
08/14/2017,"121,470.00",0.001334553
8/11/2017,"121,308.00",0
8/10/2017,"121,308.00",0.009949754
8/09/2017,"120,107.00",-0.013241721
8/08/2017,"121,708.00",-0.01112044
8/07/2017,"123,069.00",-0.001948227
8/04/2017,"123,309.00",0
8/03/2017,"123,309.00",0.010442874
8/02/2017,"122,028.00",0.008567425
8/01/2017,"120,987.00",-0.00987774
07/31/2017,"122,188.00",-0.002623654
07/28/2017,"122,509.00",0.000653227
07/27/2017,"122,429.00",-0.000653227
07/26/2017,"122,509.00",0.00787525
07/25/2017,"121,548.00",0
07/24/2017,"121,548.00",0.001976481
07/21/2017,"121,308.00",-0.003291967
07/20/2017,"121,708.00",-0.006559763
07/19/2017,"122,509.00",0.006559763
07/18/2017,"121,708.00",0.000657527
07/17/2017,"121,628.00",-0.020845445
07/14/2017,"124,190.00",-0.007708357
07/13/2017,"125,151.00",0.005777699
7/12/2017,"124,430.00",0.015558812
7/11/2017,"122,509.00",0.008533643
7/10/2017,"121,468.00",-0.016347358
7/07/2017,"123,470.00",-0.021172189
7/06/2017,"126,112.00",0.005733546
7/05/2017,"125,391.00",0.000638208
7/04/2017,"125,311.00",-0.003194929
7/03/2017,"125,712.00",-0.00381098
06/30/2017,"126,192.00",0.017926298
06/29/2017,"123,950.00",-0.00386505
06/28/2017,"124,430.00",0.012299065
06/27/2017,"122,909.00",0.0006511
06/26/2017,"122,829.00",0.002608648
06/23/2017,"122,509.00",0.000653227
06/22/2017,"122,429.00",-0.005863734
06/21/2017,"123,149.00",0.005210508
06/20/2017,"122,509.00",-0.009108737
06/19/2017,"123,630.00",0.009108737
06/16/2017,"122,509.00",-0.005210508
06/15/2017,"123,149.00",0.00195076
06/14/2017,"122,909.00",0.00784952
06/13/2017,"121,948.00",-0.002620632
6/12/2017,"122,268.00",-0.006529817
6/09/2017,"123,069.00",0.000650253
6/08/2017,"122,989.00",-0.00259848
6/07/2017,"123,309.00",-0.001304811
6/06/2017,"123,470.00",0.003253038
6/05/2017,"123,069.00",0.018385403
6/02/2017,"120,827.00",-0.006607436
6/01/2017,"121,628.00",0.014592754
05/31/2017,"119,866.00",0
05/30/2017,"119,866.00",-0.013276401
05/29/2017,"121,468.00",-0.00197388
05/26/2017,"121,708.00",0.013241721
05/25/2017,"120,107.00",-0.009949754
05/24/2017,"121,308.00",0
05/23/2017,"121,308.00",0.007953529
05/22/2017,"120,347.00",0.016099388
05/19/2017,"118,425.00",0.012926764
05/18/2017,"116,904.00",-0.006819913
05/17/2017,"117,704.00",0.024093407
05/16/2017,"114,902.00",-0.002781111
05/15/2017,"115,222.00",-0.006237989
5/12/2017,"115,943.00",0.002072128
5/11/2017,"115,703.00",0.000691665
5/10/2017,"115,623.00",0.002780125
5/09/2017,"115,302.00",-0.013113756
5/08/2017,"116,824.00",-0.004782083
5/05/2017,"117,384.00",-0.012882653
5/04/2017,"118,906.00",0.014929318
5/03/2017,"117,144.00",0.0020252
04/28/2017,"116,907.00",0.010187984
04/27/2017,"115,722.00",0.017908844
04/26/2017,"113,668.00",0.003481085
04/25/2017,"113,273.00",-0.00417585
04/24/2017,"113,747.00",-0.004849887
04/21/2017,"114,300.00",-0.001381373
04/20/2017,"114,458.00",-0.003445106
04/19/2017,"114,853.00",0.006902122
04/18/2017,"114,063.00",0.01675318
04/17/2017,"112,168.00",0.002115137
04/14/2017,"111,931.00",-0.009823742
04/13/2017,"113,036.00",-0.006270332
4/12/2017,"113,747.00",0.003478663
4/11/2017,"113,352.00",0.006283373
4/10/2017,"112,642.00",0
4/07/2017,"112,642.00",-0.005586186
4/05/2017,"113,273.00",-0.00417585
4/04/2017,"113,747.00",-0.002081404
4/03/2017,"113,984.00",0.006954927
03/31/2017,"113,194.00",-0.004873523
03/30/2017,"113,747.00",0.015388531
03/29/2017,"112,010.00",0.007077931
03/28/2017,"111,220.00",-0.008487526
03/27/2017,"112,168.00",0.002115137
03/24/2017,"111,931.00",0.010643319
03/23/2017,"110,746.00",0.026015883
03/22/2017,"107,902.00",0.007348392
03/21/2017,"107,112.00",0.012617545
03/20/2017,"105,769.00",-0.000746632
03/17/2017,"105,848.00",0
03/16/2017,"105,848.00",0.007491524
03/15/2017,"105,058.00",0.017436832
03/14/2017,"103,242.00",0.007681351
03/13/2017,"102,452.00",-0.001540998
3/10/2017,"102,610.00",-0.004608796
3/09/2017,"103,084.00",-0.000756378
3/08/2017,"103,162.00",0.004595565
3/07/2017,"102,689.00",-0.006899959
3/06/2017,"103,400.00",0.007669568
3/03/2017,"102,610.00",0.001540998
3/02/2017,"102,452.00",-0.008436572
3/01/2017,"103,320.00",-0.004577197
02/28/2017,"103,794.00",-0.003039867
02/27/2017,"104,110.00",-0.000758525
02/24/2017,"104,189.00",0.012196274
02/23/2017,"102,926.00",-0.000767247
02/22/2017,"103,005.00",0.000767247
02/21/2017,"102,926.00",0.00230528
02/20/2017,"102,689.00",0
02/17/2017,"102,689.00",-0.015259505
02/16/2017,"104,268.00",-0.007548071
02/15/2017,"105,058.00",0.000752248
02/14/2017,"104,979.00",-0.006749951
02/13/2017,"105,690.00",0
2/10/2017,"105,690.00",-0.002239897
2/09/2017,"105,927.00",0.001492707
2/08/2017,"105,769.00",0.00074719
2/07/2017,"105,690.00",0.004494901
2/06/2017,"105,216.00",-0.005242091
2/03/2017,"105,769.00",0.006744892
2/02/2017,"105,058.00",0.030530452
01/25/2017,"101,899.00",0.007782984
01/24/2017,"101,109.00",0
01/23/2017,"101,109.00",0.007844034
01/20/2017,"100,319.00",0.00790605
01/19/2017,"99,529.00",0
01/18/2017,"99,529.00",-0.000793424
01/17/2017,"99,608.00",-0.003167414
01/16/2017,"99,924.00",-0.003157414
01/13/2017,"100,240.00",-0.000787798
1/12/2017,"100,319.00",0
1/11/2017,"100,319.00",0.007112626
1/10/2017,"99,608.00",0.000793424
1/09/2017,"99,529.00",0
1/06/2017,"99,529.00",-0.005540791
1/05/2017,"100,082.00",-0.001577461
1/04/2017,"100,240.00",0.001577461
1/03/2017,"100,082.00",0.008720796
12/30/2016,"99,213.00",-0.023607144
12/29/2016,"101,583.00",0.020427139
12/28/2016,"99,529.00",0.007969054
12/27/2016,"98,739.00",0.020204981
12/26/2016,"96,764.00",-0.012171911
12/23/2016,"97,949.00",0.007285353
12/22/2016,"97,238.00",-0.024080901
12/21/2016,"99,608.00",0.011967966
12/20/2016,"98,423.00",-0.033155852
12/19/2016,"101,741.00",-0.008505026
12/16/2016,"102,610.00",0.017866485
12/15/2016,"100,793.00",-0.024762059
12/14/2016,"103,320.00",-0.001528061
12/13/2016,"103,478.00",-0.020403503
12/12/2016,"105,611.00",-0.015586488
12/09/2016,"107,270.00",0.004428548
12/08/2016,"106,796.00",0.020174808
12/07/2016,"104,663.00",-0.011258438
12/06/2016,"105,848.00",-0.007435818
12/05/2016,"106,638.00",0
12/02/2016,"106,638.00",-0.001480552
12/01/2016,"106,796.00",-0.020500801
11/30/2016,"109,008.00",0.027180614
11/29/2016,"106,085.00",0.038709179
11/28/2016,"102,057.00",-0.040197443
11/25/2016,"106,243.00",-0.016226362
11/24/2016,"107,981.00",-0.016687028
11/23/2016,"109,798.00",-0.012157351
11/22/2016,"111,141.00",0.015761354
11/21/2016,"109,403.00",0.00943165
11/18/2016,"108,376.00",-0.013035652
11/17/2016,"109,798.00",0
11/16/2016,"109,798.00",0.012306974
11/15/2016,"108,455.00",-0.006534319
11/14/2016,"109,166.00",-0.016507377
11/11/2016,"110,983.00",-0.003552785
11/10/2016,"111,378.00",0.007118237
11/09/2016,"110,588.00",-0.002853378
11/08/2016,"110,904.00",0.001425671
11/07/2016,"110,746.00",-0.004980983
11/04/2016,"111,299.00",-0.003542716
11/03/2016,"111,694.00",0.002124123
11/02/2016,"111,457.00",-0.005645411
11/01/2016,"112,088.00",-0.00071347
10/31/2016,"112,168.00",-0.009105413
10/28/2016,"113,194.00",0.00559898
10/27/2016,"112,562.00",0.009865315
10/26/2016,"111,457.00",0.000709045
10/25/2016,"111,378.00",0
10/24/2016,"111,378.00",-0.022434946
10/21/2016,"113,905.00",-0.004843176
10/20/2016,"114,458.00",-0.007563628
10/19/2016,"115,327.00",0.013794888
10/18/2016,"113,747.00",0.012571326
10/17/2016,"112,326.00",-0.012571326
10/14/2016,"113,747.00",0.013978936
10/13/2016,"112,168.00",0.003527719
10/12/2016,"111,773.00",0.007092992
10/11/2016,"110,983.00",0.002851344
10/10/2016,"110,667.00",-0.010650877
10/07/2016,"111,852.00",-0.002821179
10/06/2016,"112,168.00",0.011332785
10/05/2016,"110,904.00",-0.000712074
10/04/2016,"110,983.00",0
10/03/2016,"110,983.00",0.003565452
09/30/2016,"110,588.00",0
09/29/2016,"110,588.00",0
09/28/2016,"110,588.00",0
09/27/2016,"110,588.00",-0.007118237
09/26/2016,"111,378.00",0.007118237
09/23/2016,"110,588.00",0.020204922
09/22/2016,"108,376.00",-0.004364125
09/21/2016,"108,850.00",0.013149932
09/20/2016,"107,428.00",0
09/19/2016,"107,428.00",-0.014600418
09/16/2016,"109,008.00",-0.035585941
09/15/2016,"112,957.00",-0.006969469
09/14/2016,"113,747.00",-0.00623126
09/13/2016,"114,458.00",0.025860535
9/12/2016,"111,536.00",-0.012659807
9/09/2016,"112,957.00",-0.027591088
9/08/2016,"116,117.00",0.006826732
9/07/2016,"115,327.00",-0.027031678
9/06/2016,"118,487.00",-0.026311938
9/05/2016,"121,646.00",0
9/01/2016,"121,646.00",-0.01290488
08/31/2016,"123,226.00",0.025970147
08/30/2016,"120,067.00",0.006601401
08/29/2016,"119,277.00",0.033676948
08/26/2016,"115,327.00",0.006873657
08/25/2016,"114,537.00",0
08/24/2016,"114,537.00",0.0138907
08/23/2016,"112,957.00",0.021195631
08/22/2016,"110,588.00",-0.021195631
08/19/2016,"112,957.00",0.009365854
08/18/2016,"111,904.00",0.017388294
08/17/2016,"109,975.00",0.011771675
08/16/2016,"108,688.00",0
08/15/2016,"108,688.00",0.005933585
8/12/2016,"108,045.00",-0.005933585
8/11/2016,"108,688.00",0.030026396
8/10/2016,"105,473.00",0.012267635
8/09/2016,"104,187.00",-0.234088646
8/08/2016,"131,667.00",0
8/05/2016,"131,667.00",0.012741557
8/04/2016,"130,000.00",0.012906002
8/03/2016,"128,333.00",0.013066853
8/02/2016,"126,667.00",-0.019544545
8/01/2016,"129,167.00",-0.019169867
07/29/2016,"131,667.00",-0.012573751
07/28/2016,"133,333.00",0.012573751
07/27/2016,"131,667.00",0.006354307
07/26/2016,"130,833.00",0.019293253
07/25/2016,"128,333.00",-0.012906002
07/22/2016,"130,000.00",-0.00638725
07/21/2016,"130,833.00",-0.006354307
07/20/2016,"131,667.00",0.032159643
07/19/2016,"127,500.00",0.019802627
07/18/2016,"125,000.00",0.020202707
07/15/2016,"122,500.00",0.006823225
07/14/2016,"121,667.00",-0.006823225
07/13/2016,"122,500.00",0
7/12/2016,"122,500.00",0.006823225
7/11/2016,"121,667.00",-0.006823225
7/08/2016,"122,500.00",0
7/07/2016,"122,500.00",0.027585159
7/06/2016,"119,167.00",-0.006965872
7/05/2016,"120,000.00",-0.006917684
7/04/2016,"120,833.00",0.013883556
7/01/2016,"119,167.00",0.014087537
06/30/2016,"117,500.00",0.014288835
06/29/2016,"115,833.00",-0.007174224
06/28/2016,"116,667.00",0.021661434
06/27/2016,"114,167.00",0
06/24/2016,"114,167.00",-0.021661434
06/23/2016,"116,667.00",0.007174224
06/22/2016,"115,833.00",0
06/21/2016,"115,833.00",0.01448721
06/20/2016,"114,167.00",0
06/17/2016,"114,167.00",0
06/16/2016,"114,167.00",0
06/15/2016,"114,167.00",0
06/14/2016,"114,167.00",0
06/13/2016,"114,167.00",0
6/10/2016,"114,167.00",-0.00726984
6/09/2016,"115,000.00",0
6/08/2016,"115,000.00",0.00726984
6/07/2016,"114,167.00",0.007331901
6/06/2016,"113,333.00",-0.021819111
6/03/2016,"115,833.00",-0.014288835
6/02/2016,"117,500.00",0
6/01/2016,"117,500.00",-0.00706435
05/31/2016,"118,333.00",0
05/30/2016,"118,333.00",-0.007023187
05/27/2016,"119,167.00",0.014087537
05/26/2016,"117,500.00",-0.021053409
05/25/2016,"120,000.00",-0.006917684
05/24/2016,"120,833.00",-0.006878378
05/23/2016,"121,667.00",0
05/20/2016,"121,667.00",0.006878378
05/19/2016,"120,833.00",0
05/18/2016,"120,833.00",-0.013701603
05/17/2016,"122,500.00",0.006823225
05/16/2016,"121,667.00",0.013796062
05/13/2016,"120,000.00",-0.006917684
5/12/2016,"120,833.00",-0.006878378
5/11/2016,"121,667.00",0.020761934
5/10/2016,"119,167.00",-0.006965872
5/09/2016,"120,000.00",0.013989059
5/06/2016,"118,333.00",0
5/05/2016,"118,333.00",0
5/04/2016,"118,333.00",0.021353185
04/29/2016,"115,833.00",0.00721737
04/28/2016,"115,000.00",0
04/27/2016,"115,000.00",-0.014391595
04/26/2016,"116,667.00",0.007174224
04/25/2016,"115,833.00",-0.007174224
04/22/2016,"116,667.00",0.021661434
04/21/2016,"114,167.00",0.007331901
04/20/2016,"113,333.00",-0.021819111
04/19/2016,"115,833.00",-0.028376372
04/15/2016,"119,167.00",0.007023187
04/14/2016,"118,333.00",0
04/13/2016,"118,333.00",-0.007023187
4/12/2016,"119,167.00",0
4/11/2016,"119,167.00",0
4/08/2016,"119,167.00",0.014087537
4/07/2016,"117,500.00",0.028776045
4/06/2016,"114,167.00",0
4/05/2016,"114,167.00",0.022141061
4/04/2016,"111,667.00",0
4/01/2016,"111,667.00",0
03/31/2016,"111,667.00",-0.01480916
03/30/2016,"113,333.00",0.01480916
03/29/2016,"111,667.00",-0.007431993
03/28/2016,"112,500.00",0.007431993
03/25/2016,"111,667.00",-0.007431993
03/24/2016,"112,500.00",0.007431993
03/23/2016,"111,667.00",0.007496664
03/22/2016,"110,833.00",-0.014928658
03/21/2016,"112,500.00",-0.021978907
03/18/2016,"115,000.00",0
03/17/2016,"115,000.00",0.00726984
03/16/2016,"114,167.00",0.007331901
03/15/2016,"113,333.00",0.007377166
03/14/2016,"112,500.00",-0.007377166
3/11/2016,"113,333.00",0.037451568
3/10/2016,"109,167.00",0
3/09/2016,"109,167.00",0
3/08/2016,"109,167.00",0
3/07/2016,"109,167.00",-0.007601546
3/04/2016,"110,000.00",0.007601546
3/03/2016,"109,167.00",-0.007601546
3/02/2016,"110,000.00",0.015270549
3/01/2016,"108,333.00",0.015497985
02/29/2016,"106,667.00",-0.015497985
02/26/2016,"108,333.00",0.007718969
02/25/2016,"107,500.00",-0.015387972
02/24/2016,"109,167.00",0.007669003
02/23/2016,"108,333.00",0
02/22/2016,"108,333.00",0.007718969
02/19/2016,"107,500.00",0
02/18/2016,"107,500.00",-0.007718969
02/17/2016,"108,333.00",0.015497985
02/16/2016,"106,667.00",0.015751482
02/15/2016,"105,000.00",0.016003567
2/05/2016,"103,333.00",0.016254016
2/04/2016,"101,667.00",0.008237084
2/03/2016,"100,833.00",0.016660385
2/02/2016,"99,167.00",0
2/01/2016,"99,167.00",0.025533215
01/29/2016,"96,667.00",0
01/28/2016,"96,667.00",-0.008580295
01/27/2016,"97,500.00",0.017245285
01/26/2016,"95,833.00",-0.025752585
01/25/2016,"98,333.00",0.034482786
01/22/2016,"95,000.00",-0.017395191
01/21/2016,"96,667.00",-0.008580295
01/20/2016,"97,500.00",-0.01695292
01/19/2016,"99,167.00",0.01695292
01/18/2016,"97,500.00",-0.025317808
01/15/2016,"100,000.00",-0.008295497
01/14/2016,"100,833.00",0
01/13/2016,"100,833.00",-0.016397116
1/12/2016,"102,500.00",0.016397116
1/11/2016,"100,833.00",-0.008237084
1/08/2016,"101,667.00",-0.016254016
1/07/2016,"103,333.00",-0.016003567
1/06/2016,"105,000.00",0.00796497
1/05/2016,"104,167.00",-0.00796497
1/04/2016,"105,000.00",-0.015751482
12/31/2015,"106,667.00",0.007849452
12/30/2015,"105,833.00",0
12/29/2015,"105,833.00",0
12/28/2015,"105,833.00",0.023905597
12/25/2015,"103,333.00",-0.008038598
12/24/2015,"104,167.00",0.008038598
12/23/2015,"103,333.00",-0.008038598
12/22/2015,"104,167.00",0
12/21/2015,"104,167.00",-0.023716452
12/18/2015,"106,667.00",0
12/17/2015,"106,667.00",0
12/16/2015,"106,667.00",0.015751482
12/15/2015,"105,000.00",0.016003567
12/14/2015,"103,333.00",0.008093984
12/11/2015,"102,500.00",0
12/10/2015,"102,500.00",0
12/09/2015,"102,500.00",-0.016132582
12/08/2015,"104,167.00",0.040825195
12/07/2015,"100,000.00",-0.024692613
12/04/2015,"102,500.00",0
12/03/2015,"102,500.00",0
12/02/2015,"102,500.00",0.008160032
12/01/2015,"101,667.00",-0.016254016
11/30/2015,"103,333.00",0
11/27/2015,"103,333.00",0.008093984
11/26/2015,"102,500.00",-0.016132582
11/25/2015,"104,167.00",0.016132582
11/24/2015,"102,500.00",-0.031999581
11/23/2015,"105,833.00",-0.03101644
11/20/2015,"109,167.00",0.007669003
11/19/2015,"108,333.00",-0.015270549
11/18/2015,"110,000.00",-0.015040862
11/17/2015,"111,667.00",-0.043802495
11/16/2015,"116,667.00",0.021661434
11/13/2015,"114,167.00",0.037181923
11/12/2015,"110,000.00",0.015270549
11/11/2015,"108,333.00",0.015497985
11/10/2015,"106,667.00",0.007849452
11/09/2015,"105,833.00",-0.015628468
11/06/2015,"107,500.00",0.007779015
11/05/2015,"106,667.00",0.039849034
11/04/2015,"102,500.00",0
11/03/2015,"102,500.00",0.050010421
11/02/2015,"97,500.00",-0.0085073
10/30/2015,"98,333.00",-0.00844562
10/29/2015,"99,167.00",0.042928406
10/28/2015,"95,000.00",0
10/27/2015,"95,000.00",0.00880709
10/26/2015,"94,167.00",-0.017537292
10/23/2015,"95,833.00",0.008730202
10/22/2015,"95,000.00",0.00880709
10/21/2015,"94,167.00",0.008896059
10/20/2015,"93,333.00",0.008965099
10/19/2015,"92,500.00",0.046094881
10/16/2015,"88,333.00",0.00947497
10/15/2015,"87,500.00",-0.00947497
10/14/2015,"88,333.00",0.038462507
10/13/2015,"85,000.00",0.009848336
10/12/2015,"84,167.00",0
10/09/2015,"84,167.00",0
10/08/2015,"84,167.00",-0.009848336
10/07/2015,"85,000.00",-0.009752291
10/06/2015,"85,833.00",0
10/05/2015,"85,833.00",0.029558919
10/02/2015,"83,333.00",-0.009958291
10/01/2015,"84,167.00",0.009958291
09/30/2015,"83,333.00",0
09/29/2015,"83,333.00",-0.019806627
09/28/2015,"85,000.00",0.009848336
09/25/2015,"84,167.00",0.009958291
09/24/2015,"83,333.00",-0.009958291
09/23/2015,"84,167.00",-0.009848336
09/22/2015,"85,000.00",0.029852963
09/21/2015,"82,500.00",0.005067363
09/18/2015,"82,083.00",0.010200109
09/17/2015,"81,250.00",0
09/16/2015,"81,250.00",0
09/15/2015,"81,250.00",0
09/14/2015,"81,250.00",-0.010200109
9/11/2015,"82,083.00",-0.010109177
9/10/2015,"82,917.00",0.020309286
9/09/2015,"81,250.00",0.005145523
9/08/2015,"80,833.00",0
9/07/2015,"80,833.00",-0.015345632
9/04/2015,"82,083.00",-0.005067363
9/03/2015,"82,500.00",-0.005041814
9/01/2015,"82,917.00",-0.005004522
08/31/2015,"83,333.00",-0.009958291
08/28/2015,"84,167.00",0.014962813
08/27/2015,"82,917.00",-0.005004522
08/26/2015,"83,333.00",0.040817995
08/25/2015,"80,000.00",0.015748357
08/24/2015,"78,750.00",-0.066524643
08/21/2015,"84,167.00",-0.009848336
08/20/2015,"85,000.00",-0.019421932
08/19/2015,"86,667.00",0.009669641
08/18/2015,"85,833.00",0
08/17/2015,"85,833.00",-0.019235245
08/14/2015,"87,500.00",0
08/13/2015,"87,500.00",0.019235245
8/12/2015,"85,833.00",-0.019235245
8/11/2015,"87,500.00",-0.018872223
8/10/2015,"89,167.00",0.067666387
8/07/2015,"83,333.00",0.030459331
8/06/2015,"80,833.00",0.010358663
8/05/2015,"80,000.00",-0.015504187
8/04/2015,"81,250.00",-0.016950903
8/03/2015,"82,639.00",-0.008362905
07/31/2015,"83,333.00",0.008362905
07/30/2015,"82,639.00",-0.016668353
07/29/2015,"84,028.00",0
07/28/2015,"84,028.00",-0.008225232
07/27/2015,"84,722.00",0
07/24/2015,"84,722.00",0
07/23/2015,"84,722.00",0.024893584
07/22/2015,"82,639.00",0.016950903
07/21/2015,"81,250.00",0.00859064
07/20/2015,"80,555.00",-0.00859064
07/17/2015,"81,250.00",0
07/16/2015,"81,250.00",-0.008505266
07/15/2015,"81,944.00",0
07/14/2015,"81,944.00",0.008505266
07/13/2015,"81,250.00",0.017243198
7/10/2015,"79,861.00",0
7/09/2015,"79,861.00",0
7/08/2015,"79,861.00",-0.017243198
7/07/2015,"81,250.00",0.00859064
7/06/2015,"80,555.00",0.008652557
7/03/2015,"79,861.00",0.008728078
7/02/2015,"79,167.00",0
7/01/2015,"79,167.00",0.008817672
06/30/2015,"78,472.00",-0.008817672
06/29/2015,"79,167.00",0
06/26/2015,"79,167.00",0.026676782
06/25/2015,"77,083.00",0.018183866
06/24/2015,"75,694.00",-0.018183866
06/23/2015,"77,083.00",-0.008975851
06/22/2015,"77,778.00",0.045680371
06/19/2015,"74,305.00",0.009383773
06/18/2015,"73,611.00",0.009472663
06/17/2015,"72,917.00",0
06/16/2015,"72,917.00",-0.009472663
06/15/2015,"73,611.00",0
6/12/2015,"73,611.00",-0.018693642
6/11/2015,"75,000.00",0.009309869
6/10/2015,"74,305.00",0
6/09/2015,"74,305.00",-0.009309869
6/08/2015,"75,000.00",0.009309869
6/05/2015,"74,305.00",0
6/04/2015,"74,305.00",0.009383773
6/03/2015,"73,611.00",0
6/02/2015,"73,611.00",0
6/01/2015,"73,611.00",0.009472663
05/29/2015,"72,917.00",-0.009472663
05/28/2015,"73,611.00",0
05/27/2015,"73,611.00",0
05/26/2015,"73,611.00",0
05/25/2015,"73,611.00",-0.009383773
05/22/2015,"74,305.00",0.009383773
05/21/2015,"73,611.00",-0.009383773
05/20/2015,"74,305.00",0.018856436
05/19/2015,"72,917.00",0
05/18/2015,"72,917.00",0
05/15/2015,"72,917.00",0
05/14/2015,"72,917.00",0
05/13/2015,"72,917.00",0
5/12/2015,"72,917.00",-0.009472663
5/11/2015,"73,611.00",0
5/08/2015,"73,611.00",0
5/07/2015,"73,611.00",0
5/06/2015,"73,611.00",0
5/05/2015,"73,611.00",0
5/04/2015,"73,611.00",-0.018693642
04/27/2015,"75,000.00",-0.009210784
04/24/2015,"75,694.00",0.009210784
04/23/2015,"75,000.00",0
04/22/2015,"75,000.00",0
04/21/2015,"75,000.00",0
04/20/2015,"75,000.00",0
04/17/2015,"75,000.00",0
04/16/2015,"75,000.00",-0.009210784
04/15/2015,"75,694.00",-0.00913981
04/14/2015,"76,389.00",0
04/13/2015,"76,389.00",0.018350593
4/10/2015,"75,000.00",0.018693642
4/09/2015,"73,611.00",0
4/08/2015,"73,611.00",0
4/07/2015,"73,611.00",0.019049762
4/06/2015,"72,222.00",-0.009577099
4/03/2015,"72,917.00",-0.009472663
4/02/2015,"73,611.00",0.009472663
4/01/2015,"72,917.00",-0.009472663
03/31/2015,"73,611.00",0.009472663
03/30/2015,"72,917.00",0
03/27/2015,"72,917.00",-0.018856436
03/26/2015,"74,305.00",0
03/25/2015,"74,305.00",0
03/24/2015,"74,305.00",0
03/23/2015,"74,305.00",0
03/20/2015,"74,305.00",-0.009309869
03/19/2015,"75,000.00",-0.009210784
03/18/2015,"75,694.00",0
03/17/2015,"75,694.00",0
03/16/2015,"75,694.00",0.009210784
03/13/2015,"75,000.00",-0.009210784
3/12/2015,"75,694.00",0.009210784
3/11/2015,"75,000.00",0
3/10/2015,"75,000.00",0.009309869
3/09/2015,"74,305.00",0
3/06/2015,"74,305.00",-0.009309869
3/05/2015,"75,000.00",-0.009210784
3/04/2015,"75,694.00",0.009210784
3/03/2015,"75,000.00",0.009309869
3/02/2015,"74,305.00",-0.009309869
02/27/2015,"75,000.00",0
02/26/2015,"75,000.00",-0.009210784
02/25/2015,"75,694.00",0.018520653
02/24/2015,"74,305.00",0.009383773
02/13/2015,"73,611.00",0.009472663
2/12/2015,"72,917.00",0
2/11/2015,"72,917.00",0.019232827
2/10/2015,"71,528.00",-0.009655727
2/09/2015,"72,222.00",0.009655727
2/06/2015,"71,528.00",0
2/05/2015,"71,528.00",0
2/04/2015,"71,528.00",0.019609994
2/03/2015,"70,139.00",-0.019609994
2/02/2015,"71,528.00",-0.009655727
01/30/2015,"72,222.00",-0.009577099
01/29/2015,"72,917.00",0.038842821
01/28/2015,"70,139.00",-0.009846006
01/27/2015,"70,833.00",0.024813679
01/26/2015,"69,097.00",-0.005009358
01/23/2015,"69,444.00",0.005009358
01/22/2015,"69,097.00",-0.005009358
01/21/2015,"69,444.00",0
01/20/2015,"69,444.00",0.005009358
01/19/2015,"69,097.00",-0.005009358
01/16/2015,"69,444.00",0
01/15/2015,"69,444.00",-0.009958315
01/14/2015,"70,139.00",-0.009846006
01/13/2015,"70,833.00",0.019804321
1/12/2015,"69,444.00",-0.029568309
1/09/2015,"71,528.00",0.044672298
1/08/2015,"68,403.00",0.005085788
1/07/2015,"68,056.00",0.020620818
1/06/2015,"66,667.00",0
1/05/2015,"66,667.00",0
